Income,Num_Transactions,Spending_Score,Target
54674.0,44.0,0.3347838054927739,0
55854.0,49.0,0.7861936656024143,0
66271.0,75.0,0.7088489120204664,1
93688.0,61.0,0.7899178506667246,1
58518.0,67.0,0.5181196366781662,0
30267.0,6.0,0.4409211103207919,0
110825.0,9.0,0.14768666077342812,0
21062.0,6.0,0.3287281630699945,0
70448.0,73.0,0.43473117772773673,0
115462.0,95.0,0.0887364633460034,0
26229.0,32.0,0.22096803602694484,0
76793.0,41.0,0.5992108200330024,1
67915.0,76.0,0.7368777349377783,1
24632.0,8.0,1.0,0
23596.0,72.0,0.934657081272986,0
26168.0,50.0,0.6436246355725085,0
27561.0,92.0,0.42193857638116655,0
93794.0,62.0,0.6372261528810188,1
102152.0,84.0,0.7869495644801607,1
46734.0,62.0,0.11852179104946205,0
26371.0,7.0,0.4105765048947769,0
46069.0,75.0,0.8411904956362822,0
99905.0,84.0,0.3844611078892569,0
32910.0,80.0,0.5728138694142288,0
93479.0,4.0,0.5887374578647946,1
97735.0,6.0,0.18477210194985075,0
101264.0,58.0,0.3628275967772487,0
43275.0,22.0,0.33505723055167363,0
92274.0,26.0,0.026228721605088,0
101449.0,3.0,0.024220434927600013,0
80004.0,41.0,0.8330717430706203,1
82981.0,60.0,0.27351433681529647,0
104659.0,14.0,0.5189306961784349,1
74553.0,75.0,0.29921186428707924,0
68447.0,82.0,0.9422356066458945,1
54529.0,12.0,0.2597173257798622,0
95703.0,87.0,0.4303613523643196,0
96090.0,12.0,0.8741733480204784,1
37260.0,13.0,0.8433253294192468,0
23812.0,25.0,0.18639997564513608,0
48024.0,45.0,0.8039695796004296,0
78656.0,19.0,0.45893898306617065,0
47285.0,55.0,0.48376227743772904,0
112436.0,45.0,0.13369081567027505,0
21605.0,8.0,0.08072421405227562,0
91158.0,93.0,0.729141052878992,1
92303.0,53.0,0.4972770479530258,0
47139.0,55.0,0.4375672337160683,0
97149.0,32.0,0.7307125897889102,1
76138.0,51.0,0.7667772762148628,1
96125.0,44.0,0.15916139711331853,0
33918.0,82.0,0.6112306779733162,0
105655.0,70.0,0.13556804948065737,0
47446.0,18.0,0.7526158969707547,0
33046.0,83.0,0.6580385788842661,0
44818.0,22.0,0.9581975452489508,0
24324.0,37.0,0.06906130813736548,0
96323.0,96.0,0.057138171361736996,0
29111.0,56.0,0.28264579741259716,0
58110.0,59.0,0.2621302660803206,0
36389.0,3.0,0.24737883321234969,0
61427.0,28.0,0.9077535596716371,1
99579.0,74.0,0.24995051358324183,0
48746.0,35.0,0.2723913842394988,0
107886.0,61.0,0.7606524471706134,1
20117.0,93.0,0.450477858423628,0
104471.0,54.0,0.7779935995245945,1
33234.0,63.0,0.0654634620856605,0
73441.0,79.0,0.48837227062311855,0
20846.0,97.0,0.03365797645286337,0
30954.0,7.0,0.06274598576079077,0
99239.0,76.0,0.9079367373252238,1
66514.0,49.0,0.1394658246993699,0
108236.0,94.0,0.5332965187157412,1
117579.0,85.0,0.41176920259530286,0
26469.0,31.0,0.34791065775708385,0
50105.0,58.0,0.9013216212989611,0
62101.0,61.0,0.021848119987018636,0
84323.0,24.0,0.6648845012520652,1
111922.0,20.0,0.9649886596311434,1
78067.0,37.0,0.5610902721367633,1
69376.0,4.0,0.9383723947023966,1
65587.0,92.0,0.052333333653824095,0
56976.0,20.0,0.419479750371449,0
87584.0,60.0,0.26057979312820334,0
98477.0,24.0,0.7320275143138651,1
62533.0,50.0,0.9829211578039958,1
21828.0,49.0,0.25694601755958246,0
21917.0,51.0,0.6552533891919654,0
40618.0,96.0,0.19841618701667002,0
52254.0,36.0,0.5662609478888497,0
67362.0,98.0,0.464694160341573,0
40128.0,66.0,0.9736139085273249,0
79383.0,79.0,0.6095299710059445,1
85545.0,34.0,0.35007730916027824,0
102180.0,36.0,0.11427431669269973,0
107958.0,6.0,0.15148728751382928,0
29865.0,39.0,0.22568085598075668,0
22219.0,42.0,0.2513733428374364,0
59809.0,58.0,0.8520222932893342,0
25287.0,12.0,0.5621466348753587,0
54387.0,3.0,0.5242516961142906,0
28512.0,18.0,0.11494852564084561,0
21342.0,40.0,0.8615618037198047,0
83076.0,21.0,0.7240075062588479,1
39216.0,15.0,0.06776950395943372,0
113070.0,97.0,0.7090033314823535,1
99767.0,99.0,0.5444325855721914,1
117829.0,26.0,0.08184991935442172,0
46614.0,8.0,0.45905292747448634,0
56258.0,94.0,0.4854925719058691,0
113789.0,87.0,0.16603921514490955,0
62078.0,42.0,0.9472628745247628,1
103524.0,44.0,0.8513805389705034,1
116573.0,14.0,0.6701258746975862,1
32219.0,78.0,0.46305450606685916,0
20235.0,2.0,0.4124402582985781,0
62929.0,37.0,0.6520469189067324,1
87444.0,69.0,0.5463293941599359,1
28567.0,38.0,0.062365254603708564,0
90792.0,41.0,0.5133452838948813,1
85441.0,62.0,0.8077361550838168,1
104555.0,60.0,0.45999372915284026,0
93698.0,14.0,0.05203152968303008,0
25415.0,89.0,0.7875771902306361,0
56159.0,84.0,0.20168778072843235,0
63925.0,2.0,0.25904027510628386,0
25951.0,70.0,0.1649692478563678,0
107388.0,17.0,0.3307538453173331,0
28007.0,89.0,0.7580012785696782,0
61832.0,28.0,0.5202399682337719,1
78596.0,66.0,0.2052111360410603,0
50523.0,35.0,0.879281676576811,0
108861.0,5.0,0.8810363734082906,1
106740.0,65.0,0.8720179357099018,1
35524.0,40.0,0.23918260598868257,0
39282.0,76.0,0.45197985966943965,0
43930.0,56.0,0.9866198785752708,0
20077.0,36.0,0.7732876876615308,0
40611.0,45.0,0.02720105237693645,0
36984.0,23.0,0.065301626467334,0
34060.0,47.0,0.4646930486155203,0
102985.0,31.0,0.910724128404989,1
104056.0,11.0,0.5395881043679088,1
63303.0,10.0,0.4986306562031289,0
79207.0,67.0,0.10563785963143278,0
95046.0,14.0,0.657863235548479,1
49287.0,80.0,0.8234618679774197,0
113709.0,74.0,0.3810424744359781,0
59711.0,93.0,0.7768930620646425,0
31954.0,10.0,0.9660726832674632,0
93340.0,76.0,0.2040944627359016,0
92101.0,94.0,0.5241903137869004,1
91520.0,1.0,0.28760493341805665,0
107062.0,5.0,0.7941643717631232,1
38574.0,20.0,0.5785445005453465,0
29184.0,8.0,0.6356285471100023,0
39096.0,43.0,0.7992325464130176,0
87728.0,76.0,0.3966188606190199,0
54016.0,1.0,0.9166037754084133,0
31246.0,57.0,0.533905717468541,0
65558.0,64.0,0.1582064631513974,0
38381.0,84.0,0.6970474563702952,0
56455.0,28.0,0.7945719814803914,0
112263.0,37.0,0.31727803209775596,0
24018.0,47.0,0.8585964326258069,0
31302.0,76.0,0.9076420483477674,0
87506.0,37.0,0.2773544045667514,0
61157.0,49.0,0.9851492478386512,1
74917.0,44.0,0.1409344255635413,0
112738.0,56.0,0.20234075362239584,0
116646.0,28.0,0.18452026897309748,0
103122.0,79.0,0.8954682448791097,1
44519.0,6.0,0.6553715366548059,0
116809.0,61.0,0.15234617128972466,0
107487.0,20.0,0.4410457381296987,0
76819.0,78.0,0.6163120095280294,1
100910.0,2.0,0.0835915568967498,0
91324.0,73.0,0.8838756117068842,1
25408.0,37.0,0.8049314058437764,0
79379.0,20.0,0.5060372472266349,1
45053.0,26.0,0.9687270618392161,0
29446.0,29.0,0.41844568976797897,0
20922.0,1.0,0.9857390757062615,0
118723.0,35.0,0.6690216986870096,1
71356.0,70.0,0.6357175509269711,1
30789.0,59.0,0.16621987091089954,0
117720.0,69.0,0.8833861871413358,1
86656.0,33.0,0.4281906151715235,0
64028.0,51.0,0.1624921780568275,0
84484.0,78.0,0.0126168812672706,0
52154.0,12.0,0.560677084718468,0
102870.0,20.0,0.5282670889716639,1
22336.0,53.0,0.7205410568200269,0
87779.0,88.0,0.8917303676001356,1
39029.0,43.0,0.07952729311408427,0
79201.0,98.0,0.7327041657048856,1
52265.0,89.0,0.18771268640909144,0
63872.0,50.0,0.8595958920079255,1
66197.0,29.0,0.8204171544599541,1
75180.0,57.0,0.5416835484782376,1
43710.0,39.0,0.7114150462668126,0
49486.0,95.0,0.3148624483846869,0
91907.0,56.0,0.4719416332750785,0
91895.0,43.0,0.8229948278753207,1
84435.0,50.0,0.46001909093422905,0
60631.0,23.0,0.35838302413322926,0
40103.0,44.0,0.49502459448759134,0
84772.0,38.0,0.8296182047182099,1
34382.0,84.0,0.33575515060568123,0
104291.0,23.0,0.1740395817142936,0
23756.0,45.0,0.7131892204189375,0
40609.0,52.0,0.8273433793991144,0
36478.0,80.0,0.10079357671395842,0
59666.0,50.0,0.24026230411396263,0
95683.0,8.0,0.14219698833598293,0
119097.0,85.0,0.34850974002720947,0
91315.0,1.0,0.4510900135801982,0
97834.0,8.0,0.7500628994021172,1
34153.0,29.0,0.6522213268738251,0
96325.0,96.0,0.6219519374725133,1
32999.0,5.0,0.3529506653021981,0
75318.0,86.0,0.8428385055772691,1
20814.0,47.0,0.4720611005487095,0
96077.0,34.0,0.9807253512288826,1
110474.0,65.0,0.6351875339551412,1
22443.0,55.0,0.12646355777011611,0
95993.0,90.0,0.677293026468616,1
95916.0,43.0,0.32563427628309916,0
93319.0,74.0,0.687459579477657,1
37368.0,30.0,0.06974557865390282,0
35328.0,82.0,0.1751612924194996,0
76942.0,17.0,0.8571520308701339,1
111751.0,26.0,0.22754658786104645,0
119131.0,8.0,0.8384247326728426,1
47306.0,47.0,0.27972995885874896,0
105451.0,76.0,0.6439418740199364,1
59915.0,91.0,0.6952959970669788,0
57219.0,72.0,0.5134976418119719,0
100879.0,89.0,0.30580794408553047,0
84644.0,46.0,0.21298717855545926,0
80279.0,68.0,0.03323302365813332,0
73028.0,33.0,0.3044413945224692,0
20126.0,1.0,0.6542398916642602,0
72329.0,19.0,0.939857222053672,1
47632.0,31.0,0.8726450365000223,0
85310.0,80.0,0.7673300736822359,1
75176.0,14.0,0.7897499498399284,1
106066.0,53.0,0.6660817108569446,1
64327.0,48.0,0.2607090748729269,0
88904.0,69.0,0.9086955774902901,1
23797.0,90.0,0.6718386996262915,0
67882.0,62.0,0.5613631737973903,1
33718.0,92.0,0.11116282310908294,0
54560.0,66.0,0.44778908532939105,0
96589.0,64.0,0.46111398700507233,0
42116.0,70.0,0.8659930941068984,0
56244.0,63.0,0.5475477724726332,0
21645.0,73.0,0.3810229834634427,0
67523.0,33.0,0.9784169001770608,1
39256.0,41.0,0.11089349903343118,0
73173.0,89.0,0.42324111899062605,0
57430.0,48.0,0.04208307183904876,0
59282.0,13.0,0.741125810787786,0
83374.0,73.0,0.919595237362246,1
88244.0,77.0,0.28049246886554435,0
31694.0,31.0,0.8597607900605843,0
76264.0,75.0,0.2926936740876124,0
95060.0,68.0,0.91227666780443,1
117416.0,98.0,0.7552070264976738,1
77545.0,4.0,0.8062368196132312,1
59224.0,19.0,0.018024916529791192,0
117945.0,70.0,0.9644036088950209,1
33224.0,98.0,0.7278706238248808,0
60738.0,82.0,0.30524743001036503,0
45150.0,13.0,0.8307655264246944,0
83731.0,23.0,0.28197881118696655,0
69688.0,83.0,0.8741969764225805,1
119929.0,75.0,0.11275639620976542,0
93509.0,1.0,0.704847295556902,1
28577.0,88.0,0.5415881113183962,0
28070.0,54.0,0.09668372909242293,0
28666.0,71.0,0.2422853862751454,0
77761.0,89.0,0.012413058382401844,0
56368.0,85.0,0.469537699364187,0
26783.0,15.0,0.3017557848559574,0
61914.0,65.0,0.5993432306145646,1
90507.0,76.0,0.29772161845401685,0
99026.0,71.0,0.3004073917104065,0
87526.0,15.0,0.744420371307589,1
90835.0,21.0,0.04821143099163602,0
65765.0,19.0,0.9043883742589232,1
39956.0,60.0,0.8536728565803114,0
107895.0,93.0,0.6689061908905665,1
66240.0,89.0,0.5941987553827695,1
57148.0,33.0,0.8937782206020091,0
114270.0,49.0,0.1856274517525155,0
24757.0,96.0,0.07908914152358533,0
39097.0,35.0,0.2398977546122134,0
30395.0,44.0,0.7958911049264719,0
36241.0,90.0,0.034716404350656205,0
47696.0,11.0,0.5837666600653381,0
90480.0,99.0,0.997085154135259,1
66163.0,72.0,0.8571107971839466,1
39816.0,78.0,0.5223032312976915,0
69840.0,74.0,0.06373533799624727,0
72853.0,66.0,0.8327476744904614,1
44917.0,46.0,0.599965289677035,0
116731.0,9.0,0.11511292441102917,0
41566.0,3.0,0.09400208112730979,0
95452.0,85.0,0.9111314197630856,1
82823.0,26.0,0.6703040968902708,1
40806.0,72.0,0.8306574810818237,0
95520.0,48.0,0.8804324136755274,1
21759.0,66.0,0.5727137836803565,0
61949.0,70.0,0.5182972275246747,1
112374.0,28.0,0.43113323445339213,0
22482.0,93.0,0.31746325104853174,0
44442.0,26.0,0.435308733536688,0
53719.0,25.0,0.7751579794780031,0
78066.0,12.0,0.6029151213988395,1
113501.0,5.0,0.8939993804544801,1
22079.0,98.0,0.44410742917212964,0
22717.0,48.0,0.6080898805400436,0
79676.0,37.0,0.6323482237890126,1
47952.0,79.0,0.5926718065504857,0
106444.0,44.0,0.703793337265006,1
62460.0,15.0,0.23781759142933132,0
110397.0,43.0,0.5132061811862731,1
92847.0,48.0,0.104386880699884,0
113607.0,87.0,0.38514061438365776,0
109106.0,70.0,0.48846830538468894,0
38449.0,46.0,0.6532997962436974,0
53536.0,43.0,0.9521038360678844,0
84077.0,21.0,0.6016406360311884,1
58258.0,23.0,0.7448217567073664,0
68302.0,80.0,0.5070982988660213,1
48865.0,47.0,0.6351493635154152,0
26645.0,15.0,0.07103879870296691,0
58000.0,25.0,0.2548039713280043,0
46737.0,36.0,0.3624446109945105,0
31485.0,75.0,0.47326929874790835,0
58565.0,51.0,0.04571318312302304,0
45522.0,15.0,0.140245849192074,0
85155.0,68.0,0.2772640746601404,0
75168.0,21.0,0.973140481956622,1
72487.0,13.0,0.3318876743803191,0
32342.0,86.0,0.48283291689386315,0
60806.0,19.0,0.19641293333406876,0
68770.0,34.0,0.6117865245687486,1
98623.0,78.0,0.2811394314565916,0
119785.0,68.0,0.20732595965615988,0
95629.0,52.0,0.5174220478086007,1
72603.0,27.0,0.005503322612785532,0
101974.0,29.0,0.0076651536551332064,0
46399.0,28.0,0.21942232015569835,0
105382.0,35.0,0.03677091909097181,0
101244.0,8.0,0.1081941678176678,0
96534.0,16.0,0.339413841085864,0
75106.0,36.0,0.8039118533208816,1
50678.0,30.0,0.572990535550588,0
96218.0,18.0,0.5135106362476795,1
83230.0,2.0,0.2939663847814355,0
94055.0,49.0,0.933295203028842,1
76373.0,77.0,0.39766517038227805,0
51480.0,4.0,0.08722628734298968,0
105230.0,90.0,0.6180834484689554,1
88836.0,89.0,0.11401649623632301,0
92258.0,94.0,0.34578694017188455,0
59986.0,75.0,0.5082460881515926,0
44160.0,7.0,0.8756681096888661,0
105595.0,95.0,0.49435761764566527,0
99111.0,74.0,0.7034177051129139,1
84929.0,39.0,0.9944601085433225,1
93506.0,13.0,0.1316966446056556,0
54911.0,31.0,0.2751778206042398,0
107127.0,71.0,0.3952221392375297,0
51821.0,63.0,0.4225196686351214,0
95039.0,56.0,0.41169455103072944,0
80535.0,42.0,0.9091122427233634,1
104458.0,61.0,0.7152112093941052,1
32175.0,42.0,0.6089068754923805,0
74771.0,56.0,0.30987675625697303,0
106925.0,36.0,0.8251519040269623,1
86358.0,84.0,0.9566408451094113,1
37327.0,68.0,0.8225554815886559,0
67057.0,7.0,0.0015560599117592413,0
26150.0,54.0,0.6374505317503114,0
24425.0,1.0,0.05120896472129245,0
36032.0,44.0,0.2580249709606181,0
22198.0,45.0,0.05961226775987138,0
80500.0,47.0,0.6047902638013755,1
73394.0,13.0,0.687722734206098,1
40079.0,22.0,0.11466682304967,0
56220.0,21.0,0.3844670488877468,0
61874.0,86.0,0.45698535420438957,0
33859.0,92.0,0.3696565410916512,0
70460.0,9.0,0.12121508258062656,0
51419.0,26.0,0.4196344789722425,0
28705.0,9.0,0.752418530307652,0
62880.0,15.0,0.0711143728671812,0
43236.0,10.0,0.0803020117803901,0
107955.0,88.0,0.3553510049898799,0
105514.0,42.0,0.9432838175016529,1
35358.0,72.0,0.6696754345033414,0
119713.0,24.0,0.6797895756315343,1
114914.0,80.0,0.3625116201387192,0
96918.0,49.0,0.5946387086203846,1
34596.0,26.0,0.010136417521586116,0
53572.0,91.0,0.6371446990330768,0
98757.0,37.0,0.9147976489603894,1
21279.0,68.0,0.6135829112468385,0
83197.0,50.0,0.875143305130509,1
82516.0,24.0,0.7251681900374503,1
27083.0,19.0,0.12074772075138503,0
37771.0,60.0,0.9039459501044061,0
49975.0,39.0,0.06654294527023695,0
65648.0,74.0,0.5348458873287939,1
68285.0,89.0,0.1423623976299171,0
39063.0,18.0,0.011714470299241227,0
87642.0,19.0,0.42272609374076997,0
110093.0,36.0,0.29552085605943995,0
106143.0,74.0,0.4867989525519785,0
57599.0,97.0,0.5781503655094186,0
71920.0,55.0,0.043800326700525034,0
48529.0,69.0,0.12319667483314135,0
55954.0,47.0,0.5595619417951196,0
47856.0,49.0,0.3437277237526992,0
22573.0,99.0,0.7303772907069257,0
98344.0,98.0,0.6533672976207833,1
55367.0,33.0,0.8470022444575618,0
119608.0,21.0,0.693635486932665,1
80774.0,81.0,0.4306360741865351,0
43752.0,22.0,0.6740767344809775,0
75029.0,48.0,0.2758285522378529,0
37685.0,37.0,0.30681243776841693,0
71693.0,15.0,0.790288662992566,1
75961.0,35.0,0.44715199773219344,0
96908.0,92.0,0.7996995043911567,1
94532.0,71.0,0.8237816131408692,1
101994.0,32.0,0.8589801518444541,1
76133.0,11.0,0.9181515184779785,1
117425.0,10.0,0.4316919744579933,0
81268.0,73.0,0.3193866824056086,0
112201.0,78.0,0.5831575579549103,1
58243.0,77.0,0.37177947559326313,0
77384.0,57.0,0.6020644415477266,1
51653.0,25.0,0.7067503476533844,0
46657.0,2.0,0.6895408647992239,0
59952.0,64.0,0.37516557406132506,0
42180.0,35.0,0.16712668636665265,0
117432.0,7.0,0.4312353324983514,0
98411.0,85.0,0.14282017972424624,0
21622.0,18.0,0.8915690813659515,0
68756.0,67.0,0.3464423487888412,0
60809.0,42.0,0.15470556160732415,0
36725.0,39.0,0.02547852455834218,0
81396.0,41.0,0.6468872517195541,1
71226.0,75.0,0.6379523140492942,1
101182.0,24.0,0.3411602645925622,0
102565.0,60.0,0.07181977105117454,0
49402.0,46.0,0.410300050038736,0
24263.0,19.0,0.3117246085116919,0
116523.0,68.0,0.6782376761417818,1
66828.0,90.0,0.6067773670896838,1
67924.0,42.0,0.3651898143439402,0
94182.0,32.0,0.21824410461281982,0
113065.0,39.0,0.9896712664758808,1
79052.0,36.0,0.45474674111662367,0
31664.0,97.0,0.6894098640859768,0
55737.0,36.0,0.14077560078912604,0
109563.0,3.0,0.4863874736621396,0
49373.0,73.0,0.02757096660374905,0
56397.0,8.0,0.5062860055249424,0
106145.0,97.0,0.9656126709671381,1
58709.0,70.0,0.3848354919632973,0
81120.0,41.0,0.03904936077309539,0
39250.0,68.0,0.030995736893877805,0
41172.0,13.0,0.38862183987438365,0
31555.0,49.0,0.1602800274460296,0
107410.0,60.0,0.02337936772484922,0
98617.0,2.0,0.7574624902209416,1
73276.0,60.0,0.459275665491258,0
77492.0,5.0,0.28971525914848595,0
73002.0,44.0,0.9015718750813352,1
109599.0,27.0,0.11632089776867356,0
92355.0,32.0,0.9575005933068026,1
111248.0,21.0,0.31447841349686245,0
44762.0,8.0,0.8898728958288451,0
31046.0,72.0,0.6039362661740464,0
116999.0,50.0,0.8280737418457305,1
48769.0,67.0,0.9856417579314452,0
73302.0,44.0,0.28887452591075463,0
43150.0,58.0,0.9627259453895541,0
88247.0,3.0,0.3901194670663328,0
24853.0,86.0,0.38614285933500586,0
114613.0,70.0,0.340942840445173,0
109399.0,2.0,0.5422984240691142,1
41792.0,87.0,0.1543903329831695,0
79129.0,44.0,0.5546228113803923,1
94478.0,2.0,0.5425961245418447,1
87298.0,81.0,0.7631601705185295,1
51987.0,35.0,0.835027916646581,0
35850.0,98.0,0.4411638666542112,0
32112.0,87.0,0.30282555367473446,0
44058.0,30.0,0.2597555278040639,0
65420.0,8.0,0.19493660050058886,0
58890.0,22.0,0.05773202064797855,0
86017.0,44.0,0.34300715029162343,0
67304.0,58.0,0.2706865131258009,0
52921.0,36.0,0.9680166502339037,0
21524.0,69.0,0.5586268154291056,0
35048.0,77.0,0.3478442600347477,0
55111.0,93.0,0.5814235267125909,0
57904.0,31.0,0.1394170737999596,0
74912.0,47.0,0.4447722703729194,0
54008.0,55.0,0.6272665355619884,0
20060.0,80.0,0.4897011201116646,0
94666.0,62.0,0.40243687049705007,0
103559.0,30.0,0.9954933779316789,1
75337.0,55.0,0.881770502286706,1
33350.0,16.0,0.6244334577093226,0
44354.0,12.0,0.5703148006105446,0
65186.0,17.0,0.6216834029440838,1
48145.0,16.0,0.20163602027911828,0
54020.0,12.0,0.3957847431465106,0
106123.0,8.0,0.03951365372983944,0
95186.0,84.0,0.4763270697363602,0
105469.0,3.0,0.5439180960131136,1
40581.0,16.0,0.22811771737070116,0
108929.0,30.0,0.9656241300843339,1
43051.0,23.0,0.9109589242098554,0
71474.0,92.0,0.7233353199052551,1
111748.0,5.0,0.5342640753394687,1
89626.0,84.0,0.8714076547287415,1
26960.0,65.0,0.13085847371137002,0
55772.0,30.0,0.7918158387555234,0
41520.0,21.0,0.12501722329346926,0
69481.0,84.0,0.7955228759973232,1
56408.0,70.0,0.27621559031289417,0
114006.0,22.0,0.8785409467771943,1
77134.0,82.0,0.9456040608793371,1
40491.0,72.0,0.14903234285324723,0
21341.0,32.0,0.4634351836260654,0
64623.0,33.0,0.9826109292107846,1
110327.0,16.0,0.4842015723664744,0
20338.0,76.0,0.8649753133860983,0
91431.0,38.0,0.5897012229579236,1
32254.0,98.0,0.37594389017483343,0
71860.0,14.0,0.2862482732094032,0
31344.0,36.0,0.2035501889555864,0
21750.0,97.0,0.7630563765654146,0
74756.0,23.0,0.3871731759951363,0
87957.0,66.0,0.5121160517313397,1
78053.0,85.0,0.49313448185788866,0
90855.0,2.0,0.578229639930415,1
35896.0,91.0,0.8670083196693573,0
75761.0,73.0,0.982362481183362,1
82552.0,65.0,0.40825195543524284,0
97454.0,75.0,0.8288866570016487,1
110600.0,67.0,0.7657905298107268,1
47935.0,52.0,0.5744733111583906,0
57641.0,62.0,0.9576291218507693,0
49711.0,23.0,0.20079703180476685,0
90342.0,26.0,0.10943468837584028,0
32182.0,68.0,0.8553737796904374,0
107833.0,82.0,0.4398701801215528,0
76276.0,55.0,0.848369010141421,1
39541.0,6.0,0.8945672406845244,0
114457.0,35.0,0.06255004986300264,0
102310.0,22.0,0.8849257538516832,1
64813.0,43.0,0.4490547030363819,0
57198.0,15.0,0.511271673385088,0
28820.0,86.0,0.627625322299527,0
44070.0,60.0,0.9279151372329298,0
89768.0,12.0,0.019136304846363045,0
31122.0,49.0,0.47762666325128045,0
100559.0,42.0,0.688856750286705,1
93543.0,38.0,0.723899981814653,1
103441.0,82.0,0.6936751578177944,1
61786.0,45.0,0.13464756481105025,0
114934.0,35.0,0.29988299591581,0
119804.0,30.0,0.35930181320315735,0
26737.0,88.0,0.8057664677277364,0
56062.0,30.0,0.27921288233977615,0
74237.0,78.0,0.2110445332501288,0
71571.0,6.0,0.959032332392377,1
45510.0,67.0,0.008866405150053613,0
39426.0,80.0,0.9994724664080535,0
57265.0,7.0,0.6779378362936719,0
37850.0,52.0,0.8298386185258753,0
86150.0,14.0,0.29509884246880147,0
107312.0,73.0,0.014327485615230829,0
109613.0,15.0,0.7390878171094933,1
94910.0,21.0,0.8355233762155151,1
72375.0,35.0,0.7416987754582689,1
55435.0,66.0,0.14307674990761232,0
116443.0,91.0,0.7546721550658132,1
77132.0,2.0,0.7701928432563038,1
98945.0,35.0,0.659626580918466,1
102050.0,82.0,0.7673813152147508,1
115402.0,78.0,0.8473198496796571,1
22983.0,20.0,0.6146152751203181,0
117241.0,82.0,0.08874075477753669,0
40662.0,10.0,0.4884289809899915,0
43510.0,25.0,0.07776711398745316,0
98187.0,66.0,0.40821070925512476,0
60998.0,25.0,0.4077734396778023,0
76846.0,54.0,0.06610822162092263,0
114071.0,33.0,0.3493903278212429,0
26640.0,36.0,0.11117146707153656,0
64547.0,95.0,0.8095708009372259,1
74620.0,14.0,0.9492560704127943,1
35317.0,65.0,0.07242536524490807,0
27564.0,80.0,0.9566956320884155,0
47345.0,54.0,0.5234360267021446,0
114223.0,52.0,0.3000533690198655,0
99273.0,3.0,0.07697854231146264,0
94859.0,99.0,0.5014471031544271,1
100765.0,41.0,0.7958282661455467,1
94038.0,6.0,0.7082534636466988,1
72393.0,25.0,0.050298078916817764,0
86081.0,13.0,0.0730117010900511,0
49430.0,98.0,0.40353317686440116,0
95532.0,8.0,0.2957710588214887,0
47788.0,21.0,0.2327600297039488,0
115505.0,98.0,0.281461250395746,0
68543.0,68.0,0.8048104123510279,1
33919.0,25.0,0.9307653272024127,0
89346.0,79.0,0.40576630495996563,0
116122.0,68.0,0.9076097419526713,1
59974.0,45.0,0.32201994741016526,0
36371.0,60.0,0.47721950371355604,0
65084.0,12.0,0.2263941107895119,0
49629.0,32.0,0.6415319958024304,0
71184.0,96.0,0.9806013219885804,1
81916.0,92.0,0.6044874028974606,1
93972.0,13.0,0.35839886928963127,0
82187.0,31.0,0.6488856369832026,1
32984.0,78.0,0.12311392046129976,0
53039.0,20.0,0.8901287295243923,0
105431.0,18.0,0.5039108859022762,1
103691.0,93.0,0.4500871077554142,0
78606.0,60.0,0.5868297107295383,1
30616.0,63.0,0.6258136591647718,0
70072.0,6.0,0.07188379497374185,0
44574.0,32.0,0.6837434198669354,0
23430.0,93.0,0.24232330142732658,0
32676.0,43.0,0.7151310640621192,0
30816.0,2.0,0.8238942212505737,0
52733.0,60.0,0.8052869696568097,0
105680.0,23.0,0.5534102756211856,1
22050.0,83.0,0.5210253079427428,0
53933.0,31.0,0.14310246674217064,0
44951.0,5.0,0.7766269186469714,0
52413.0,83.0,0.271850137856832,0
54801.0,34.0,0.49751170892047075,0
75619.0,10.0,0.2847362944919425,0
52913.0,89.0,0.13403978698534263,0
60600.0,2.0,0.6305954507582108,1
77775.0,11.0,0.054410946594937525,0
110816.0,50.0,0.7498814946851833,1
110093.0,31.0,0.31810452567862274,0
55400.0,56.0,0.0001232633745805488,0
24494.0,79.0,0.5119694848624676,0
100688.0,73.0,0.04691835169742274,0
109431.0,87.0,0.2766182499577588,0
94691.0,83.0,0.7081432904939996,1
117419.0,9.0,0.06278246463264499,0
63001.0,99.0,0.8407259292609086,1
87364.0,21.0,0.0038146359279838385,0
65028.0,73.0,0.24722364509007225,0
117659.0,28.0,0.742127412962506,1
57573.0,62.0,0.31678568543395047,0
20806.0,7.0,0.10205057806174805,0
76638.0,80.0,0.3608227375923803,0
49757.0,16.0,0.2708323500702094,0
54636.0,97.0,0.844104962193106,0
100097.0,4.0,0.3138585822289592,0
68280.0,4.0,0.7902358870220545,1
44262.0,40.0,0.8933471499182958,0
100435.0,17.0,0.4345288945061562,0
82211.0,52.0,0.9114482714611986,1
74842.0,93.0,0.3779353502536669,0
76979.0,52.0,0.9656737820359012,1
101470.0,36.0,0.08942670684228701,0
58197.0,38.0,0.6881528029041016,0
61844.0,50.0,0.49462552359101786,0
84754.0,63.0,0.3882833220477373,0
54157.0,63.0,0.6337548903122491,0
97129.0,62.0,0.7050186949601888,1
60042.0,99.0,0.00435888862333521,0
81665.0,7.0,0.16721972824826745,0
102856.0,27.0,0.7142229710109864,1
47376.0,92.0,0.6674845554656429,0
75554.0,86.0,0.967646152942976,1
34199.0,14.0,0.7622947079279262,0
101412.0,71.0,0.9523458940273243,1
70948.0,86.0,0.703699910240202,1
93781.0,5.0,0.29853737690754345,0
92750.0,55.0,0.10552890060439625,0
86262.0,2.0,0.783115429270888,1
66600.0,62.0,0.6452112979151055,1
96898.0,91.0,0.048254679377227654,0
82483.0,21.0,0.3606389788957907,0
38297.0,79.0,0.9583830483498228,0
50448.0,21.0,0.5012236088721539,0
46172.0,10.0,0.433438796892425,0
62874.0,87.0,0.4584508892392315,0
27657.0,58.0,0.2092192559014105,0
104386.0,39.0,0.36931011369761,0
45425.0,5.0,0.370418042550279,0
46685.0,65.0,0.05243063647917763,0
44578.0,13.0,0.7688354307647413,0
48831.0,85.0,0.4171870478613565,0
27906.0,90.0,0.823538722088339,0
81413.0,85.0,0.8517537897450709,1
74028.0,53.0,0.21233577286359095,0
27287.0,82.0,0.6584375687556214,0
53660.0,45.0,0.4730573952708497,0
95758.0,32.0,0.8816122146491082,1
80504.0,36.0,0.21608864257955748,0
79720.0,81.0,0.6789313911441591,1
54701.0,99.0,0.6087535284660303,0
103300.0,60.0,0.2957820606537843,0
37674.0,11.0,0.13681694917730694,0
103560.0,63.0,0.6527143228755916,1
43874.0,21.0,0.7398169700807883,0
63642.0,52.0,0.3161418079764741,0
117820.0,55.0,0.6458958195900146,1
85160.0,26.0,0.3957778960993641,0
37602.0,68.0,0.7143840717507902,0
108801.0,34.0,0.19953569214562242,0
45931.0,52.0,0.8916872454579436,0
114377.0,82.0,0.28787702459234066,0
49192.0,99.0,0.36838739507134477,0
66542.0,93.0,0.05817713124825223,0
62520.0,52.0,0.11168643757594546,0
84772.0,29.0,0.5167101373681537,1
78762.0,38.0,0.2680270720850222,0
70106.0,42.0,0.8368612313129569,1
101121.0,21.0,0.014706226875303895,0
45559.0,42.0,0.3797143053631687,0
53742.0,13.0,0.337896212995845,0
89669.0,64.0,0.01934819394379733,0
100199.0,17.0,0.12456405419785208,0
41754.0,9.0,0.4143205206211634,0
23972.0,41.0,0.4936744849358912,0
90831.0,1.0,0.40495200258766645,0
61873.0,2.0,0.5318110428375047,1
114661.0,60.0,0.5961120441295693,1
29903.0,48.0,0.009928708969023476,0
23020.0,29.0,0.46485710426553134,0
61755.0,97.0,0.9650936410071419,1
105956.0,10.0,0.5198857994788839,1
106988.0,58.0,0.6786600066758341,1
65648.0,60.0,0.3123720487856672,0
29516.0,21.0,0.7752698881304122,0
22396.0,28.0,0.7741982084465658,0
104082.0,75.0,0.5221533404714152,1
39129.0,34.0,0.9776290839221802,0
21591.0,8.0,0.12574783992548064,0
31303.0,59.0,0.016964260756866478,0
50561.0,86.0,0.7714303322400874,0
91719.0,72.0,0.8084893285894866,1
112108.0,49.0,0.12039594807514223,0
119616.0,79.0,0.266013878112534,0
106231.0,17.0,0.017569967204164108,0
27314.0,60.0,0.2937858719582722,0
39623.0,87.0,0.7744189678600197,0
87675.0,88.0,0.51881226056072,1
116826.0,45.0,0.34866417861819826,0
85082.0,83.0,0.37234729197847805,0
103624.0,69.0,0.0013442279211900781,0
53130.0,32.0,0.3002886101014071,0
71756.0,44.0,0.6475246678100081,1
117624.0,65.0,0.9758066717406365,1
46292.0,87.0,0.8484611362274319,0
106206.0,8.0,0.023622640878731258,0
89274.0,77.0,0.9000467587579896,1
22469.0,72.0,0.7844922704581645,0
73947.0,87.0,0.7816652762634341,1
42534.0,43.0,0.458747536741548,0
83620.0,1.0,0.39865707274748835,0
68874.0,51.0,0.3034090040899,0
69708.0,24.0,0.06579271138709562,0
94553.0,99.0,0.22860415425216946,0
88344.0,24.0,0.24700304375836474,0
69138.0,17.0,0.4848723223141877,0
74302.0,5.0,0.7486786654995284,1
67638.0,20.0,0.4745879665652635,0
98249.0,21.0,0.05792921605359573,0
22719.0,58.0,0.9593746840578894,0
42890.0,31.0,0.9442840895529293,0
97236.0,11.0,0.7864867193168879,1
56509.0,52.0,0.9929686892027048,0
62534.0,15.0,0.5453782747733014,1
112241.0,83.0,0.9643615320531452,1
38787.0,7.0,0.07571941230438882,0
68845.0,28.0,0.36627864635856483,0
77932.0,51.0,0.2257453012812175,0
112124.0,58.0,0.19614786362124406,0
111659.0,5.0,0.1410259987966155,0
53062.0,5.0,0.6234394870260436,0
95713.0,94.0,0.7826125848781558,1
107263.0,96.0,0.5792507093030421,1
115756.0,8.0,0.14719602718052954,0
80461.0,64.0,0.8124641757941703,1
95418.0,10.0,0.6370031241892581,1
86672.0,38.0,0.38880108433941146,0
54832.0,96.0,0.6752423473462086,0
51966.0,92.0,0.2603265599978167,0
92545.0,81.0,0.3457559543000898,0
32987.0,95.0,0.9190035436437451,0
57311.0,8.0,0.2909770926939343,0
51575.0,25.0,0.47076003617686446,0
83852.0,73.0,0.8916132570920157,1
21007.0,66.0,0.7088893949156098,0
90981.0,79.0,0.06229525840421484,0
96242.0,50.0,0.14753692917426225,0
67517.0,67.0,0.007843007748977364,0
49257.0,49.0,0.6319618178991184,0
107272.0,36.0,0.44840799687855226,0
62207.0,68.0,0.13448701913739766,0
33281.0,78.0,0.9595192446931864,0
81246.0,41.0,0.5305309581522001,1
21435.0,89.0,0.2422848512388292,0
118875.0,62.0,0.5014263717390842,1
111357.0,10.0,0.6807415358733558,1
46660.0,21.0,0.07635464676971689,0
25084.0,36.0,0.2751500639421023,0
102197.0,12.0,0.8082989653206347,1
33507.0,91.0,0.46041943037789756,0
92595.0,2.0,0.5474765758371551,1
103807.0,13.0,0.4335258078792054,0
65539.0,53.0,0.043961465188905896,0
27491.0,32.0,0.166014413528841,0
70192.0,95.0,0.4462726567406145,0
100395.0,16.0,0.209522501942997,0
83888.0,32.0,0.050050684417556786,0
93609.0,32.0,0.8450442872371255,1
29077.0,98.0,0.9828164221778625,0
40953.0,11.0,0.7944533075508177,0
96919.0,10.0,0.8551964393234344,1
87889.0,15.0,0.24236882718932645,0
43821.0,17.0,0.9622165878613983,0
57567.0,40.0,0.19724230522624614,0
44860.0,18.0,0.9530040919804095,0
41195.0,55.0,0.996465901396951,0
97475.0,73.0,0.7128975204094047,1
110874.0,25.0,0.9827675434653612,1
107266.0,59.0,0.5704774897301302,1
41427.0,78.0,0.25996275852053646,0
47083.0,89.0,0.4377126587717422,0
107046.0,22.0,0.5945386863412206,1
77372.0,30.0,0.07319172733504271,0
64064.0,84.0,0.6233689927661481,1
27813.0,85.0,0.9828017052853163,0
51598.0,44.0,0.19041288555972652,0
113106.0,32.0,0.7939046367866246,1
47082.0,51.0,0.9094005136648365,0
49241.0,46.0,0.9452629922939588,0
116214.0,21.0,0.9617243976884805,1
64569.0,99.0,0.5223172042282541,1
31745.0,32.0,0.9789253257407639,0
46029.0,94.0,0.7585609113134053,0
33025.0,39.0,0.16192927176580033,0
34288.0,12.0,0.4776833958114121,0
109186.0,47.0,0.7195169055087486,1
26540.0,18.0,0.24774095257071743,0
117768.0,21.0,0.6416713691098507,1
101958.0,13.0,0.6676999794261012,1
88878.0,21.0,0.16295929342050366,0
61846.0,8.0,0.5660155974766432,1
95932.0,46.0,0.7729014796323441,1
37482.0,7.0,0.4997156182154125,0
43411.0,23.0,0.012111637279294872,0
70975.0,96.0,0.00904188112955392,0
80545.0,75.0,0.3576128210648798,0
98797.0,86.0,0.9277262846606475,1
72307.0,22.0,0.22904630615739435,0
23093.0,89.0,0.6354094538331451,0
97258.0,22.0,0.2224343942099642,0
42042.0,92.0,0.3221945263427121,0
72930.0,29.0,0.8494440345090096,1
64413.0,13.0,0.7300647252799954,1
113623.0,82.0,0.09554664396025926,0
117883.0,2.0,0.429404969072038,0
53756.0,29.0,0.029206732495784413,0
73268.0,85.0,0.4816800869335197,0
59214.0,79.0,0.6635265670074431,0
101871.0,52.0,0.1186885011504,0
48602.0,27.0,0.28935482628024045,0
73331.0,50.0,0.3984881241438241,0
68901.0,95.0,0.9210521342753346,1
119986.0,79.0,0.9948990153623074,1
83416.0,23.0,0.044974507368675094,0
52196.0,88.0,0.7622647913877217,0
25626.0,44.0,0.37233203809013904,0
27424.0,77.0,0.3931007195653253,0
32857.0,22.0,0.7555106014340564,0
39982.0,43.0,0.9199457005224367,0
96961.0,37.0,0.9525020406457703,1
21980.0,61.0,0.5780729359608678,0
68290.0,97.0,0.35770478944209555,0
46431.0,56.0,0.7888501951425968,0
104976.0,3.0,0.25140812263731616,0
102711.0,63.0,0.5650026281514853,1
46385.0,19.0,0.35916452083958733,0
58158.0,23.0,0.6577139561126645,0
43019.0,29.0,0.24078797903944937,0
38639.0,30.0,0.19190065734661318,0
105530.0,39.0,0.9197580427668096,1
119911.0,25.0,0.10196172508295359,0
41563.0,8.0,0.5067896334484175,0
59341.0,58.0,0.22120926771803537,0
25776.0,16.0,0.038983201426536995,0
56444.0,72.0,0.03606720381254174,0
88916.0,1.0,0.17550219465273817,0
28711.0,5.0,0.8682035175074505,0
94318.0,3.0,0.28293795287916107,0
102970.0,65.0,0.9520318342370477,1
105553.0,4.0,0.5825801434610409,1
50707.0,99.0,0.43733032662703325,0
59110.0,96.0,0.581044129023792,0
81788.0,64.0,0.5175480142125249,1
102879.0,98.0,0.7600294016854272,1
58827.0,89.0,0.2829553037489745,0
25655.0,10.0,0.35362723619026726,0
64859.0,21.0,0.8955730117494867,1
73625.0,46.0,0.9480225047933628,1
72098.0,91.0,0.8940343762233851,1
35251.0,27.0,0.4201355165303866,0
20526.0,66.0,0.7816546379959458,0
88760.0,41.0,0.47711808189244126,0
67837.0,13.0,0.49835754582558095,0
31536.0,9.0,0.20500963562608365,0
48541.0,36.0,0.5921040026068688,0
99083.0,86.0,0.18643451302667022,0
71027.0,90.0,0.33210572921460607,0
54531.0,58.0,0.8564437949924126,0
28712.0,54.0,0.2074093291657369,0
85455.0,12.0,0.07126524457649475,0
94744.0,81.0,0.06911096703228779,0
25109.0,78.0,0.9423410575169201,0
69268.0,14.0,0.5077537681143426,1
74615.0,34.0,0.410082865538722,0
102503.0,53.0,0.8122185781638636,1
49759.0,20.0,0.8372075097312842,0
105708.0,75.0,0.33273310729754174,0
80112.0,16.0,0.6947625933814081,1
46589.0,95.0,0.7723965442308247,0
50015.0,70.0,0.6557302681692926,0
49009.0,56.0,0.15183611406941466,0
103309.0,83.0,0.8773314365017559,1
82046.0,58.0,0.5399815138330852,1
46143.0,4.0,0.2829316247413361,0
26154.0,4.0,0.4259253429962531,0
41804.0,20.0,0.037622063398184476,0
61688.0,10.0,0.12806828789692537,0
84288.0,24.0,0.7668111841666287,1
71195.0,99.0,0.0,0
40581.0,26.0,0.4172485467815596,0
72648.0,37.0,0.5233694977385853,1
50087.0,85.0,0.054713835818038375,0
69930.0,54.0,0.9746885301711038,1
52981.0,21.0,0.2264906048011232,0
89298.0,74.0,0.3046941335068748,0
66167.0,38.0,0.304437499054233,0
95304.0,46.0,0.2307890888765741,0
63408.0,4.0,0.0014646246470375814,0
59499.0,60.0,0.7305488827958782,0
72269.0,57.0,0.9684454777887339,1
58559.0,45.0,0.22465570333409726,0
94319.0,20.0,0.6641407692180453,1
115317.0,17.0,0.7431213377826633,1
116347.0,71.0,0.849827962902259,1
68787.0,4.0,0.42332202232542016,0
55488.0,93.0,0.3034242061953154,0
94441.0,14.0,0.3258257134494923,0
94663.0,3.0,0.7137975455146732,1
42431.0,88.0,0.8181292998315971,0
81681.0,80.0,0.1819050454370898,0
83483.0,58.0,0.37154767456789906,0
69153.0,55.0,0.9034319842651538,1
26368.0,4.0,0.8080265407833432,0
47424.0,24.0,0.9864884064109715,0
65004.0,34.0,0.7554938599091516,1
103869.0,30.0,0.3938389628917342,0
108652.0,82.0,0.591610712447311,1
76985.0,19.0,0.6621044429638501,1
70069.0,31.0,0.07857493995503746,0
72326.0,60.0,0.5453929254574494,1
101061.0,60.0,0.7104915392865695,1
43398.0,19.0,0.1675885572791361,0
118393.0,49.0,0.781921296166713,1
70861.0,63.0,0.5847342156277759,1
95897.0,83.0,0.9537973874577087,1
101905.0,22.0,0.04248135767129353,0
88577.0,24.0,0.2657567548245243,0
