Age,Income,Num_Transactions,Target
0.7450980392156864,0.3463963332866321,0.4387755102040815,0
1.0,0.35820507175309735,0.4897959183673468,0
0.5490196078431373,0.4624522146388328,0.7551020408163265,1
0.27450980392156865,0.7368252506855073,0.6122448979591836,1
0.823529411764706,0.38486479995196443,0.673469387755102,0
0.13725490196078433,0.10214558773492385,0.0510204081632653,0
0.3921568627450981,0.9083221583972139,0.0816326530612244,0
0.7450980392156864,0.01002742029101536,0.0510204081632653,0
0.3529411764705882,0.5042531473290235,0.7346938775510203,0
0.43137254901960786,0.9547264976082301,0.9591836734693876,0
0.1960784313725491,0.061735684406460795,0.3163265306122448,0
0.1960784313725491,0.567750135099974,0.4081632653061224,1
0.4509803921568628,0.47890438924804357,0.7653061224489796,1
0.6862745098039217,0.04575385785481256,0.0714285714285714,0
0.7647058823529412,0.03538618577747535,0.7244897959183673,0
0.4509803921568628,0.061125232672177426,0.5,0
0.03921568627450983,0.07506554850589439,0.9285714285714284,0
0.4117647058823529,0.7378860356663931,0.6224489795918366,1
0.019607843137254943,0.8215279306686949,0.846938775510204,1
0.4509803921568628,0.2669375337749935,0.6224489795918366,0
0.8431372549019608,0.06315673598462865,0.0612244897959183,0
0.5686274509803921,0.26028260913075674,0.7551020408163265,0
0.7254901960784313,0.7990412905550107,0.846938775510204,0
0.019607843137254943,0.12859516041870986,0.8061224489795917,0
0.3921568627450981,0.7347337029401757,0.0306122448979591,1
0.6274509803921569,0.7773252206632908,0.0510204081632653,0
0.21568627450980393,0.8126413546024058,0.5816326530612245,0
0.4117647058823529,0.23232191821948242,0.2142857142857142,0
0.8431372549019608,0.7226747793367092,0.2551020408163265,0
0.47058823529411764,0.8144927246162159,0.0204081632653061,0
0.9411764705882354,0.5998839140964314,0.4081632653061224,1
0.5098039215686275,0.6296759602105558,0.6020408163265305,0
0.8039215686274509,0.8466164962071934,0.1326530612244897,1
0.5294117647058824,0.5453335468246503,0.7551020408163265,0
0.2941176470588236,0.48422832896343293,0.8265306122448979,1
0.27450980392156865,0.34494525949202415,0.1122448979591836,0
0.9019607843137255,0.7569901727278187,0.8775510204081631,0
0.9803921568627451,0.7608630386485999,0.1122448979591836,1
0.8431372549019608,0.17212737425695016,0.1224489795918367,0
1.0,0.03754778536116726,0.2448979591836734,0
0.03921568627450983,0.27984708684426474,0.4489795918367346,0
0.7058823529411765,0.586393931509317,0.183673469387755,0
0.9803921568627451,0.2724516141945039,0.5510204081632653,0
0.11764705882352944,0.9244440886255829,0.4489795918367346,0
0.3921568627450981,0.01546144146668535,0.0714285714285714,0
0.1568627450980392,0.7115065148209675,0.9387755102040816,1
0.7450980392156864,0.7229649940956308,0.5306122448979591,0
0.33333333333333337,0.2709905329944159,0.5510204081632653,0
0.05882352941176472,0.7714608810519785,0.3163265306122448,1
0.47058823529411764,0.5611952845105378,0.510204081632653,1
0.2549019607843137,0.7612132978404019,0.4387755102040815,0
0.9607843137254902,0.13868262514260551,0.8265306122448979,0
0.1568627450980392,0.8565838720653283,0.7040816326530611,0
0.4901960784313726,0.2740628064767928,0.173469387755102,0
0.019607843137254943,0.1299561675639974,0.836734693877551,0
0.37254901960784315,0.24776334487520765,0.2142857142857142,0
0.5294117647058824,0.04267157696695556,0.3673469387755101,0
0.9019607843137255,0.7631947641254528,0.9693877551020408,0
0.11764705882352944,0.09057702699997996,0.5612244897959183,0
0.8431372549019608,0.38078177851610195,0.5918367346938775,0
0.13725490196078433,0.16341092408382205,0.0204081632653061,0
0.9019607843137255,0.41397634249344517,0.2755102040816326,1
0.6666666666666666,0.7957788763685127,0.7448979591836734,0
0.2549019607843137,0.28707243360086465,0.346938775510204,0
0.3137254901960784,0.8789103936913316,0.6122448979591836,1
0.6862745098039217,0.0005704221123631614,0.9387755102040816,0
0.9607843137254902,0.8447351039769428,0.5408163265306122,1
0.7647058823529412,0.13183755979424774,0.6326530612244897,0
0.05882352941176472,0.5342053119308289,0.7959183673469387,0
0.019607843137254943,0.007865820707323418,0.9795918367346936,0
0.09803921568627455,0.10902067529972179,0.0612244897959183,0
0.8039215686274509,0.792376358505294,0.7653061224489796,1
0.05882352941176472,0.4648840141704862,0.4897959183673468,0
0.5490196078431373,0.882412985609351,0.9489795918367346,1
0.33333333333333337,0.975912175009507,0.8571428571428571,0
0.4901960784313726,0.06413746172167403,0.3061224489795918,0
0.8431372549019608,0.30067249764825976,0.5816326530612245,0
0.6470588235294118,0.4207213337870024,0.6122448979591836,0
0.17647058823529416,0.6431058983647899,0.2346938775510204,1
0.6862745098039217,0.9193002822088345,0.1938775510204081,1
0.2549019607843137,0.5804995696815644,0.3673469387755101,1
0.5882352941176471,0.4935252086544043,0.0306122448979591,1
0.9215686274509803,0.45560714929047497,0.9285714285714284,0
0.27450980392156865,0.36943338070171927,0.1938775510204081,0
0.13725490196078433,0.6757400476352501,0.6020408163265305,0
0.2549019607843137,0.7847507155294918,0.2346938775510204,1
0.43137254901960786,0.42504453295438627,0.5,1
0.7647058823529412,0.01769309288873766,0.4897959183673468,0
0.3921568627450981,0.018583751976462587,0.510204081632653,0
0.2941176470588236,0.20573224185897562,0.9693877551020408,0
0.8627450980392156,0.3221784120248985,0.3571428571428571,0
0.33333333333333337,0.473370294017573,0.9897959183673468,0
0.9019607843137255,0.2008286131737486,0.6632653061224489,0
0.4509803921568628,0.5936693152933171,0.7959183673469387,1
0.4901960784313726,0.6553349478614174,0.336734693877551,0
0.47058823529411764,0.8218081380221365,0.3571428571428571,0
0.8627450980392156,0.8796309268858955,0.0510204081632653,0
0.7843137254901961,0.09812261073194165,0.3877551020408162,0
0.5490196078431373,0.021605988431439266,0.4183673469387755,0
0.27450980392156865,0.39778436042671583,0.5816326530612245,0
0.8627450980392156,0.05230870844424876,0.1122448979591836,0
0.0,0.3435242079138563,0.0204081632653061,0
0.47058823529411764,0.08458259111742691,0.173469387755102,0
0.11764705882352944,0.012829493825430832,0.3979591836734693,0
0.1568627450980392,0.630626663731161,0.2040816326530612,1
0.4509803921568628,0.19170185937593817,0.1428571428571428,0
0.0,0.930788783699938,0.9795918367346936,1
0.8431372549019608,0.797660268598763,1.0,1
0.13725490196078433,0.9784140263795209,0.2551020408163265,0
0.4509803921568628,0.2657366451173868,0.0714285714285714,0
0.1960784313725491,0.36224806356703965,0.9489795918367346,0
0.9803921568627451,0.9379841082400977,0.8775510204081631,0
0.3137254901960784,0.42049116346096116,0.4183673469387755,1
0.13725490196078433,0.8352580909873306,0.4387755102040815,1
0.6666666666666666,0.9658447250965714,0.1326530612244897,1
0.6666666666666666,0.12168004323199169,0.7857142857142856,0
0.6274509803921569,0.0017512959590096633,0.010204081632653,0
0.07843137254901966,0.4290074655244881,0.3673469387755101,1
0.8039215686274509,0.6743390108680424,0.693877551020408,1
0.7450980392156864,0.08513299841882996,0.3775510204081632,0
0.7843137254901961,0.7078438044152673,0.4081632653061224,1
0.5294117647058824,0.6542941776914917,0.6224489795918366,1
0.11764705882352944,0.8455757260372676,0.6020408163265305,0
0.1568627450980392,0.7369253247403078,0.1326530612244897,0
0.13725490196078433,0.05358965634569582,0.8979591836734693,0
0.21568627450980393,0.36125733042451413,0.846938775510204,0
0.6470588235294118,0.4389748413826232,0.010204081632653,0
0.6274509803921569,0.05895362568300541,0.7040816326530611,0
0.9215686274509803,0.8739267057622642,0.1632653061224489,0
0.43137254901960786,0.07952885134999901,0.8979591836734693,0
0.4509803921568628,0.41802934171286754,0.2755102040816326,1
0.7058823529411765,0.5857934871805136,0.6632653061224489,0
0.6666666666666666,0.30485559313892285,0.346938775510204,0
0.8431372549019608,0.8886676140343854,0.0408163265306122,1
0.7647058823529412,0.8674419070111883,0.6530612244897959,1
0.4117647058823529,0.15475451834357426,0.3979591836734693,0
0.5098039215686275,0.19236234813762185,0.7653061224489796,0
0.6666666666666666,0.2388767688089186,0.5612244897959183,0
0.0,0.00017012589316095506,0.3571428571428571,0
0.6666666666666666,0.20566219002061528,0.4489795918367346,0
0.7058823529411765,0.16936533034445492,0.2244897959183673,0
0.9019607843137255,0.14010367672077337,0.4693877551020408,0
0.2549019607843137,0.8298640994335809,0.3061224489795918,1
0.03921568627450983,0.8405820307027201,0.1020408163265306,1
0.0,0.4327502351740288,0.0918367346938775,0
0.07843137254901966,0.5919080119288274,0.673469387755102,0
0.4901960784313726,0.7504153073274223,0.1326530612244897,1
0.2549019607843137,0.29248643996557455,0.8061224489795917,0
0.7450980392156864,0.9371835158016932,0.7448979591836734,0
0.5098039215686275,0.3968036346896704,0.9387755102040816,0
0.1568627450980392,0.11902808077977703,0.0918367346938775,0
0.27450980392156865,0.7333426735784481,0.7653061224489796,0
0.27450980392156865,0.7209434981886597,0.9489795918367346,1
0.4901960784313726,0.7151291956047475,0.0,0
0.8039215686274509,0.8706642915757661,0.0408163265306122,1
0.23529411764705888,0.18527710505774272,0.1938775510204081,0
0.9803921568627451,0.09130756760002404,0.0714285714285714,0
0.607843137254902,0.19050097071833158,0.4285714285714285,0
0.7450980392156864,0.6771811140243781,0.7653061224489796,0
0.9411764705882354,0.33981146048075583,0.0,0
1.0,0.1119428376998979,0.5714285714285714,0
0.607843137254902,0.4553169345315534,0.6428571428571428,0
0.05882352941176472,0.18334567580009206,0.846938775510204,0
0.5686274509803921,0.3642195224466105,0.2755102040816326,0
0.7058823529411765,0.9227128074775335,0.3673469387755101,0
0.43137254901960786,0.03960931089005865,0.4693877551020408,0
0.7450980392156864,0.11250325240678102,0.7653061224489796,0
0.8627450980392156,0.6749594700078058,0.3673469387755101,0
0.27450980392156865,0.41127434301383026,0.4897959183673468,1
0.823529411764706,0.5489762424193904,0.4387755102040815,0
0.5490196078431373,0.9274663250805597,0.5612244897959183,0
0.6862745098039217,0.9665752656966156,0.2755102040816326,0
0.23529411764705888,0.8312351139843484,0.7959183673469387,1
0.607843137254902,0.24477113063667114,0.0510204081632653,0
0.11764705882352944,0.9682064727898645,0.6122448979591836,0
0.9803921568627451,0.8749174389047896,0.1938775510204081,0
0.4117647058823529,0.5680103276424554,0.7857142857142856,1
0.5294117647058824,0.8090987330624662,0.010204081632653,0
0.019607843137254943,0.7131677441306568,0.7346938775510203,1
0.8039215686274509,0.05351960450733542,0.3673469387755101,0
0.8627450980392156,0.5936292856713968,0.1938775510204081,1
0.09803921568627455,0.2501150851630206,0.2551020408163265,0
0.5294117647058824,0.09392950783579848,0.2857142857142857,0
0.5294117647058824,0.008626383523807624,0.0,0
0.8431372549019608,0.9873606468786902,0.346938775510204,1
0.8431372549019608,0.5133398715049137,0.7040816326530611,1
0.37254901960784315,0.10736945339551271,0.5918367346938775,0
0.5686274509803921,0.9773232191821948,0.693877551020408,1
0.1960784313725491,0.6664531753497588,0.3265306122448979,0
0.5294117647058824,0.4400056041470689,0.510204081632653,0
0.47058823529411764,0.6447170906470788,0.7857142857142856,0
0.7450980392156864,0.3211776714768929,0.1122448979591836,0
0.6274509803921569,0.8287132478033745,0.1938775510204081,1
0.0,0.022776854872605723,0.5306122448979591,0
0.5098039215686275,0.6776914917038609,0.8877551020408162,1
1.0,0.1898304745511679,0.4285714285714285,0
0.23529411764705888,0.591847967495947,0.9897959183673468,1
0.7843137254901961,0.3222884934851791,0.8979591836734693,0
0.03921568627450983,0.43844444889218026,0.5,1
0.7450980392156864,0.46171166663330865,0.2857142857142857,1
0.09803921568627455,0.5516081900606449,0.5714285714285714,1
0.13725490196078433,0.23667513960330647,0.3877551020408162,0
0.5098039215686275,0.29447791365610554,0.9591836734693876,0
0.1568627450980392,0.7190020615255289,0.5612244897959183,0
0.7058823529411765,0.7188819726597683,0.4285714285714285,1
0.6274509803921569,0.6442267277785562,0.5,0
0.9803921568627451,0.4060104477313212,0.2244897959183673,0
0.8039215686274509,0.20057842803674722,0.4387755102040815,0
0.8431372549019608,0.6475992234253347,0.3775510204081632,1
0.4509803921568628,0.14332606128535116,0.846938775510204,0
0.27450980392156865,0.8429337709905329,0.2244897959183673,0
0.607843137254902,0.036987370654284174,0.4489795918367346,0
0.607843137254902,0.20564217520965514,0.520408163265306,0
0.4509803921568628,0.16430158317154694,0.8061224489795917,0
0.7843137254901961,0.3963533014430679,0.5,0
1.0,0.7567900246182175,0.0714285714285714,0
0.9411764705882354,0.9911034165282309,0.8571428571428571,0
0.9411764705882354,0.7130776774813362,0.0,0
1.0,0.7783159538058163,0.0714285714285714,1
0.21568627450980393,0.1410343654304185,0.2857142857142857,0
0.7450980392156864,0.763214778936413,0.9693877551020408,1
0.019607843137254943,0.12948581950643476,0.0408163265306122,0
0.03921568627450983,0.5529892120168926,0.8673469387755102,1
0.9411764705882354,0.0075455837319616526,0.4693877551020408,0
0.7058823529411765,0.7607329423773592,0.336734693877551,1
0.9411764705882354,0.9048095590737146,0.6530612244897959,1
0.3137254901960784,0.02384764725897165,0.5510204081632653,0
0.9411764705882354,0.7598923203170346,0.9081632653061223,1
0.019607843137254943,0.7591217500950703,0.4285714285714285,0
0.019607843137254943,0.7331325180633669,0.7448979591836734,1
0.5294117647058824,0.1732081740487961,0.2959183673469387,0
0.43137254901960786,0.15279306686948343,0.8265306122448979,0
0.7058823529411765,0.5692412385165022,0.1632653061224489,1
0.607843137254902,0.917589015871745,0.2551020408163265,0
0.6274509803921569,0.9914436683145529,0.0714285714285714,1
0.0,0.2726617697095851,0.4693877551020408,0
0.3529411764705882,0.854542361347397,0.7653061224489796,1
0.019607843137254943,0.39884514540760163,0.9183673469387754,0
0.8431372549019608,0.37186518023337267,0.7244897959183673,0
0.4901960784313726,0.8087885034925846,0.8979591836734693,0
0.607843137254902,0.6463182755238877,0.4591836734693877,0
0.09803921568627455,0.6026359506034465,0.6836734693877551,0
0.607843137254902,0.530072253467566,0.3265306122448979,0
0.05882352941176472,0.0006604887616836475,0.0,0
0.1960784313725491,0.5230770770370075,0.183673469387755,1
0.3137254901960784,0.2759241838960831,0.3061224489795918,0
0.7254901960784313,0.6529832075736045,0.8061224489795917,1
0.4509803921568628,0.5515681604387247,0.1326530612244897,1
0.07843137254901966,0.860696915717631,0.5306122448979591,1
1.0,0.44299781838560537,0.4795918367346938,0
0.6470588235294118,0.688949822868923,0.693877551020408,1
0.09803921568627455,0.03739767427896645,0.9081632653061223,0
0.4117647058823529,0.47857414486720173,0.6224489795918366,1
0.1960784313725491,0.1366811440465945,0.9285714285714284,0
0.9215686274509803,0.34525548906190584,0.6632653061224489,0
0.2941176470588236,0.7658567339831476,0.6428571428571428,0
0.6274509803921569,0.22072333526809837,0.7040816326530611,0
0.1568627450980392,0.36210795989031885,0.6326530612244897,0
0.09803921568627455,0.015861737685887556,0.7346938775510203,0
0.2941176470588236,0.4749814862998619,0.3265306122448979,1
0.5490196078431373,0.1921021555951404,0.4081632653061224,0
0.03921568627450983,0.531523327262174,0.8979591836734693,0
0.37254901960784315,0.3739767427896644,0.4795918367346938,0
0.6862745098039217,0.3925104577387267,0.1224489795918367,0
0.3529411764705882,0.6336088705642176,0.7346938775510203,1
0.4901960784313726,0.6823449352520866,0.7755102040816326,0
0.03921568627450983,0.11642615535496267,0.3061224489795918,0
0.3529411764705882,0.5624562176010248,0.7551020408163265,0
0.37254901960784315,0.750555411004143,0.6836734693877551,1
0.607843137254902,0.9742809679162581,0.9897959183673468,1
0.11764705882352944,0.5752757040209755,0.0306122448979591,1
1.0,0.3919300282208835,0.183673469387755,0
0.7843137254901961,0.9795748854152073,0.7040816326530611,1
0.6274509803921569,0.13173748573944719,0.9897959183673468,0
0.7647058823529412,0.4070812401176871,0.8265306122448979,0
0.7450980392156864,0.251085803494586,0.1224489795918367,0
0.33333333333333337,0.6371815143205972,0.2244897959183673,0
0.7647058823529412,0.4966475191641815,0.836734693877551,1
0.0,0.9994295778876368,0.7551020408163265,0
0.1960784313725491,0.7350339251045774,0.0,1
0.5294117647058824,0.08523307247363052,0.8877551020408162,0
0.47058823529411764,0.08015931789524247,0.5408163265306122,0
0.9607843137254902,0.08612373156135542,0.7142857142857142,0
0.43137254901960786,0.5774373036046675,0.8979591836734693,0
0.5882352941176471,0.36334887816984573,0.8571428571428571,0
0.5686274509803921,0.06727978704241142,0.1428571428571428,0
0.8039215686274509,0.41884994896223204,0.6530612244897959,1
0.6666666666666666,0.7049916938534516,0.7653061224489796,0
0.11764705882352944,0.7902447811380422,0.7142857142857142,0
0.2941176470588236,0.6751596181174069,0.1428571428571428,1
0.4901960784313726,0.7082741228509097,0.2040816326530612,0
0.9215686274509803,0.45738846746592476,0.183673469387755,1
1.0,0.19910733943117906,0.6020408163265305,0
0.9411764705882354,0.879000460340652,0.9387755102040816,1
0.019607843137254943,0.4621419850689511,0.8979591836734693,1
0.0,0.37115465444428875,0.3265306122448979,0
0.9215686274509803,0.9427976702760044,0.4897959183673468,0
0.21568627450980393,0.04700478353981946,0.9693877551020408,0
0.07843137254901966,0.1905109781238116,0.346938775510204,0
0.7058823529411765,0.10342653563637091,0.4387755102040815,0
0.607843137254902,0.16192982807277387,0.9081632653061223,0
0.1568627450980392,0.2765646578468066,0.1020408163265306,0
0.7843137254901961,0.7047214939054901,1.0,1
0.6666666666666666,0.46137141484698674,0.7244897959183673,1
0.3529411764705882,0.19770630266397135,0.7857142857142856,0
0.9215686274509803,0.49816864479714995,0.7448979591836734,0
0.2941176470588236,0.5283209575085563,0.6632653061224489,1
0.03921568627450983,0.2487540780177331,0.4591836734693877,0
0.37254901960784315,0.9674258951624202,0.0816326530612244,0
0.4509803921568628,0.21521926225406804,0.0204081632653061,0
0.6274509803921569,0.7544783139523248,0.8571428571428571,1
0.4509803921568628,0.6280947901447071,0.2551020408163265,1
1.0,0.20761363408922603,0.7244897959183673,0
0.1960784313725491,0.7551588175249685,0.4795918367346938,1
0.9411764705882354,0.01700258191061385,0.6632653061224489,0
0.13725490196078433,0.419200208154034,0.7040816326530611,1
0.6862745098039217,0.9238236294858195,0.2755102040816326,0
0.7254901960784313,0.02423793607269381,0.9387755102040816,0
0.7647058823529412,0.24400056041470689,0.2551020408163265,0
0.37254901960784315,0.3368392610531794,0.2448979591836734,0
0.6666666666666666,0.5804895622760843,0.1122448979591836,1
0.9215686274509803,0.9351019754618417,0.0408163265306122,1
0.47058823529411764,0.02020495166423153,0.9897959183673468,0
0.6666666666666666,0.02658967636050677,0.4795918367346938,0
0.47058823529411764,0.5966014850989733,0.3673469387755101,1
0.5490196078431373,0.27912655364970074,0.7959183673469387,0
0.33333333333333337,0.8644797149890919,0.4387755102040815,1
0.8823529411764707,0.4243139923543422,0.1428571428571428,0
0.33333333333333337,0.9040389888517504,0.4285714285714285,1
0.019607843137254943,0.7284090226767809,0.4795918367346938,0
0.6666666666666666,0.9361627604427276,0.8775510204081631,0
0.2941176470588236,0.891119428376999,0.7040816326530611,0
0.7843137254901961,0.18402617937273583,0.4591836734693877,0
0.6862745098039217,0.33500790585032925,0.4285714285714285,0
0.6274509803921569,0.6406440766166964,0.2040816326530612,1
0.05882352941176472,0.38226287452715013,0.2244897959183673,0
0.6274509803921569,0.48277725516882497,0.8061224489795917,1
0.2549019607843137,0.28826331485299117,0.4693877551020408,0
0.3921568627450981,0.06589876508616374,0.1428571428571428,0
0.9215686274509803,0.37968096391329587,0.2448979591836734,0
0.37254901960784315,0.2669675559914336,0.3571428571428571,0
0.13725490196078433,0.11433460760963113,0.7551020408163265,0
0.11764705882352944,0.38533514800952706,0.510204081632653,0
0.03921568627450983,0.2548085583331665,0.1428571428571428,0
0.3137254901960784,0.6514320597241959,0.6836734693877551,0
0.6274509803921569,0.5514881011948842,0.2040816326530612,1
0.9215686274509803,0.5246582471028561,0.1224489795918367,0
0.21568627450980393,0.1229109541060385,0.8673469387755102,0
0.9803921568627451,0.4077617436903309,0.183673469387755,0
0.4117647058823529,0.4874607209334908,0.336734693877551,1
0.4117647058823529,0.7862117967295799,0.7857142857142856,0
0.8823529411764707,0.997988511498509,0.6836734693877551,0
0.5686274509803921,0.7562496247222945,0.520408163265306,1
0.7254901960784313,0.5258191061385425,0.2653061224489795,0
0.7254901960784313,0.8197466124932451,0.2857142857142857,0
0.8627450980392156,0.263585052939175,0.2755102040816326,0
0.9803921568627451,0.8538518503692734,0.346938775510204,0
0.13725490196078433,0.8124412064928046,0.0714285714285714,0
0.5098039215686275,0.7653063266817445,0.1530612244897959,0
0.5098039215686275,0.5508676420551208,0.3571428571428571,1
0.6470588235294118,0.3064067409883314,0.2959183673469387,0
0.3921568627450981,0.762143986550047,0.173469387755102,1
0.5686274509803921,0.6321678041750896,0.010204081632653,0
0.6274509803921569,0.7404979684966876,0.4897959183673468,1
0.5294117647058824,0.5635470247983508,0.7755102040816326,0
0.9019607843137255,0.3144326801833357,0.0306122448979591,0
0.6274509803921569,0.8523307247363048,0.9081632653061223,1
0.07843137254901966,0.6882693192962792,0.8979591836734693,0
0.9215686274509803,0.7225146608490283,0.9489795918367346,0
0.3529411764705882,0.39955567119668556,0.7551020408163265,0
0.05882352941176472,0.24117847206933132,0.0612244897959183,0
0.6666666666666666,0.855983427736525,0.9591836734693876,0
0.9411764705882354,0.7910954106038468,0.7448979591836734,1
0.3137254901960784,0.6491703860857034,0.3877551020408162,1
0.8431372549019608,0.7350039028881372,0.1224489795918367,0
0.5294117647058824,0.3487680883854052,0.3061224489795918,0
0.5686274509803921,0.8713147729319697,0.7142857142857142,0
0.5490196078431373,0.31784520545203454,0.6326530612244897,0
0.8823529411764707,0.750345255489062,0.5612244897959183,0
0.09803921568627455,0.6051978464063407,0.4183673469387755,1
0.6666666666666666,0.8446050077057021,0.6122448979591836,1
0.7843137254901961,0.12123971739086922,0.4183673469387755,0
0.7058823529411765,0.5475151612193023,0.5612244897959183,0
0.4509803921568628,0.8692932770249986,0.3571428571428571,1
0.5490196078431373,0.6634709685167024,0.846938775510204,1
0.9411764705882354,0.17279787042411385,0.6836734693877551,0
0.8823529411764707,0.4703180353461561,0.0612244897959183,0
0.5882352941176471,0.0609450993735364,0.5408163265306122,0
0.6666666666666666,0.043682324920441135,0.0,0
0.6274509803921569,0.15983828032744232,0.4387755102040815,0
1.0,0.021395832916358104,0.4489795918367346,0
0.3921568627450981,0.6048475872145388,0.4693877551020408,1
0.607843137254902,0.5337349638732662,0.1224489795918367,1
0.43137254901960786,0.20033825030522587,0.2142857142857142,0
0.6274509803921569,0.36186778215879756,0.2040816326530612,0
0.03921568627450983,0.4184496527430299,0.8673469387755102,0
0.33333333333333337,0.1380921882192823,0.9285714285714284,0
0.47058823529411764,0.5043732361947841,0.0816326530612244,0
0.8039215686274509,0.3138222284490523,0.2551020408163265,0
0.5882352941176471,0.08651402037507758,0.0816326530612244,0
0.03921568627450983,0.42851710265596543,0.1428571428571428,0
0.7647058823529412,0.23193162940576026,0.0918367346938775,0
0.8823529411764707,0.8796009046694555,0.8877551020408162,0
0.4509803921568628,0.8551728278926405,0.4183673469387755,1
0.9607843137254902,0.15309328903388505,0.7244897959183673,0
0.607843137254902,0.9972679783039449,0.2346938775510204,1
0.9019607843137255,0.9492424394051597,0.8061224489795917,0
0.4117647058823529,0.7691491703860858,0.4897959183673468,1
0.43137254901960786,0.14546764605808296,0.2551020408163265,0
0.019607843137254943,0.3353681724476113,0.9183673469387754,0
0.5098039215686275,0.7875527890639074,0.3673469387755101,1
0.8039215686274509,0.012199027280187347,0.6836734693877551,0
0.019607843137254943,0.6318375597942477,0.5,1
0.4901960784313726,0.6250225166623301,0.2346938775510204,1
0.3137254901960784,0.07028200868642795,0.183673469387755,0
0.7647058823529412,0.17724115845725838,0.6020408163265305,0
0.6274509803921569,0.29937153493585256,0.3877551020408162,0
0.1568627450980392,0.4562176010247584,0.7448979591836734,1
0.823529411764706,0.48260712927566396,0.8979591836734693,0
0.9215686274509803,0.19017072633748974,0.173469387755102,0
0.7450980392156864,0.6763204771530933,0.183673469387755,0
0.5490196078431373,0.9009967375858134,0.3571428571428571,0
0.8039215686274509,0.8614674859395952,0.7448979591836734,0
0.4901960784313726,0.3756679943157937,0.9795918367346936,0
0.6666666666666666,0.5189840481956648,0.5510204081632653,0
0.9607843137254902,0.2849008266116927,0.693877551020408,0
0.47058823529411764,0.3592058123011028,0.4693877551020408,0
0.4509803921568628,0.27816584272361544,0.4897959183673468,0
0.23529411764705888,0.025148609971378827,1.0,0
0.11764705882352944,0.7834197306006445,0.9897959183673468,1
0.6862745098039217,0.35333146528431036,0.3265306122448979,0
0.8627450980392156,0.996217200728539,0.2040816326530612,1
0.37254901960784315,0.6075896163160739,0.8163265306122448,0
0.0,0.2370954506334688,0.2142857142857142,0
0.13725490196078433,0.5500970718331566,0.4795918367346938,0
0.8823529411764707,0.17638052158597364,0.3673469387755101,0
0.2941176470588236,0.5167123671516922,0.1428571428571428,1
0.2549019607843137,0.5594239737405681,0.346938775510204,0
0.21568627450980393,0.7690490963312852,0.9285714285714284,1
0.9803921568627451,0.745271500910674,0.7142857142857142,1
0.43137254901960786,0.8199467606028461,0.3163265306122448,1
0.27450980392156865,0.5611452474831375,0.1020408163265306,1
0.5294117647058824,0.9743710345655785,0.0918367346938775,0
0.6470588235294118,0.6125332746232212,0.7346938775510203,0
0.019607843137254943,0.9220923483377699,0.7857142857142856,1
0.607843137254902,0.38211276344494927,0.7755102040816326,0
0.43137254901960786,0.5736645117386866,0.5714285714285714,1
0.4117647058823529,0.31616396133138525,0.2448979591836734,0
0.9803921568627451,0.26616696355302927,0.010204081632653,0
0.47058823529411764,0.39921541941036365,0.6428571428571428,0
0.4117647058823529,0.22136380921882196,0.346938775510204,0
0.4117647058823529,0.974441086403939,0.0612244897959183,0
0.9411764705882354,0.7840902267678082,0.8571428571428571,0
1.0,0.015631567359846305,0.173469387755102,0
0.8039215686274509,0.48732061725677,0.673469387755102,0
0.09803921568627455,0.407791765906771,0.4183673469387755,0
0.27450980392156865,0.16677341232512058,0.3877551020408162,0
0.823529411764706,0.6138142225246682,0.4081632653061224,1
0.7058823529411765,0.5120389087925065,0.7551020408163265,1
0.6274509803921569,0.8118207473530412,0.2346938775510204,0
0.13725490196078433,0.8256609891319577,0.6020408163265305,0
0.8431372549019608,0.2936372915957809,0.4591836734693877,0
0.8431372549019608,0.04206112523267219,0.183673469387755,0
0.07843137254901966,0.9653443548225686,0.6836734693877551,1
0.7450980392156864,0.4680263394912235,0.9081632653061223,1
0.05882352941176472,0.4789944558973641,0.4183673469387755,0
0.09803921568627455,0.7417689089926546,0.3163265306122448,0
0.8627450980392156,0.9307387466725376,0.3877551020408162,1
0.607843137254902,0.5903568640794188,0.3571428571428571,0
1.0,0.116125933190561,0.9795918367346936,0
0.5686274509803921,0.35703420531193086,0.3571428571428571,0
0.9019607843137255,0.8956928126813843,0.0204081632653061,0
0.6666666666666666,0.29334707683685923,0.7346938775510203,0
0.7647058823529412,0.3636390929287673,0.0714285714285714,0
1.0,0.8614875007505554,0.9795918367346936,1
0.2941176470588236,0.38677621439865506,0.7040816326530611,0
0.23529411764705888,0.611052178612173,0.4081632653061224,0
0.9607843137254902,0.19204211116226008,0.6836734693877551,0
0.8039215686274509,0.21127634449492624,0.1224489795918367,0
0.5686274509803921,0.11503512599323498,0.4897959183673468,0
0.3529411764705882,0.8741468686828253,0.6020408163265305,0
0.3137254901960784,0.7861517522966995,0.010204081632653,1
0.3529411764705882,0.5325540900266197,0.6020408163265305,0
0.5294117647058824,0.5747453115305327,0.0408163265306122,0
0.4901960784313726,0.5298120609250846,0.4387755102040815,1
0.7058823529411765,0.8960530792786663,0.2653061224489795,0
0.4901960784313726,0.7234853791805936,0.3163265306122448,1
0.43137254901960786,0.9125552909152772,0.2040816326530612,0
0.1568627450980392,0.24720293016832454,0.0714285714285714,0
0.21568627450980393,0.1099413566038869,0.7244897959183673,0
0.0,0.9701078798310749,0.5,1
0.0,0.2873026039269059,0.673469387755102,0
0.9019607843137255,0.5328142825691011,0.4387755102040815,0
0.6470588235294118,0.23107099253447552,0.5816326530612245,0
0.607843137254902,0.6823749574685267,0.0204081632653061,0
0.9215686274509803,0.047965494465904784,0.8673469387755102,0
0.47058823529411764,0.9462302103556632,0.7040816326530611,0
0.7647058823529412,0.8940515981826551,0.010204081632653,1
0.8627450980392156,0.21748093589256048,0.8775510204081631,0
0.0,0.591127434301383,0.4387755102040815,1
0.2941176470588236,0.7447311010147509,0.010204081632653,1
0.7450980392156864,0.6728779296679543,0.8163265306122448,1
0.07843137254901966,0.3195064347617237,0.346938775510204,0
0.4117647058823529,0.15801693253007223,0.9897959183673468,0
0.5490196078431373,0.12060925084562577,0.8775510204081631,0
0.03921568627450983,0.24015771671036565,0.2959183673469387,0
0.21568627450980393,0.45393591257530574,0.0714285714285714,0
0.4901960784313726,0.3885875547905451,0.2142857142857142,0
0.2941176470588236,0.6600584432480036,0.4387755102040815,0
0.9803921568627451,0.4727898644997298,0.5816326530612245,0
0.7058823529411765,0.3288533514800953,0.3571428571428571,0
0.4117647058823529,0.014650841622800892,0.693877551020408,0
0.5490196078431373,0.14999099333506796,0.7755102040816326,0
0.2549019607843137,0.35076956948141624,0.9387755102040816,0
0.5294117647058824,0.37872025298721057,0.3061224489795918,0
0.07843137254901966,0.5489262053919901,0.4693877551020408,0
0.9019607843137255,0.33973140123691536,0.5510204081632653,0
0.9411764705882354,0.0,0.8061224489795917,0
0.5686274509803921,0.7466124932450013,0.6224489795918366,0
0.8823529411764707,0.8356083501791325,0.2959183673469387,1
1.0,0.5531793527210136,0.5510204081632653,1
0.07843137254901966,0.13299841882993416,0.1530612244897959,0
0.21568627450980393,0.243119908732462,0.1122448979591836,0
0.2941176470588236,0.4515941796929728,0.1632653061224489,1
0.4901960784313726,0.2810579829073514,0.1530612244897959,0
0.4901960784313726,0.339851490102676,0.1122448979591836,0
0.9215686274509803,0.8612673378299942,0.0714285714285714,0
0.3921568627450981,0.75181634409463,0.846938775510204,0
0.7450980392156864,0.8547224946460381,0.0204081632653061,1
0.6862745098039217,0.2053619678562136,0.1530612244897959,0
0.6274509803921569,0.8893481176070293,0.2959183673469387,1
0.5686274509803921,0.23008025939195006,0.2244897959183673,0
0.7058823529411765,0.5145207453515602,0.9285714285714284,1
0.43137254901960786,0.917558993655305,0.0408163265306122,1
0.17647058823529416,0.696175169625523,0.846938775510204,1
0.07843137254901966,0.06905109781238114,0.6530612244897959,0
0.6862745098039217,0.35738446450373273,0.2959183673469387,0
0.6470588235294118,0.21475892160198548,0.2040816326530612,0
1.0,0.49457598622981,0.846938775510204,1
0.5882352941176471,0.36374917438904797,0.7040816326530611,0
0.17647058823529416,0.9401557152292697,0.2142857142857142,1
0.3529411764705882,0.5711626603686728,0.8265306122448979,1
0.607843137254902,0.20446130136300864,0.7244897959183673,0
0.0,0.01281948641995076,0.3163265306122448,0
0.07843137254901966,0.4459600104077017,0.3265306122448979,1
0.8627450980392156,0.9033384704681464,0.1530612244897959,0
0.05882352941176472,0.002782058723455355,0.7653061224489796,0
0.2941176470588236,0.7142385365170226,0.3775510204081632,1
0.4509803921568628,0.12203030242379362,0.9897959183673468,0
0.2941176470588236,0.5183836038668616,0.1326530612244897,0
0.019607843137254943,0.11292356343694335,0.3571428571428571,0
0.9411764705882354,0.016912515261293365,0.9795918367346936,0
0.5294117647058824,0.5473650501371015,0.2244897959183673,0
0.607843137254902,0.6794728098793107,0.6632653061224489,1
0.5098039215686275,0.5803594660048436,0.8571428571428571,0
0.37254901960784315,0.7084742709605107,0.010204081632653,1
0.4509803921568628,0.1584772731821548,0.9183673469387754,0
0.21568627450980393,0.557422492644557,0.7346938775510203,1
0.9607843137254902,0.6253827832596122,0.6530612244897959,0
0.6666666666666666,0.7745131397233953,0.7551020408163265,1
0.6274509803921569,0.9060704921642015,0.673469387755102,1
0.6274509803921569,0.27895642775653984,0.520408163265306,0
0.9803921568627451,0.37608830534595605,0.6224489795918366,0
0.823529411764706,0.29672957988911797,0.2244897959183673,0
0.7058823529411765,0.7033404719492424,0.2551020408163265,0
0.21568627450980393,0.12130976922922962,0.6836734693877551,0
0.03921568627450983,0.8783800012008887,0.8265306122448979,0
0.0,0.5625763064667855,0.5510204081632653,1
0.6274509803921569,0.19495426615695613,0.0510204081632653,0
0.7647058823529412,0.9446690551007746,0.346938775510204,0
0.17647058823529416,0.8231091007345435,0.2142857142857142,1
0.823529411764706,0.44786141744891217,0.4285714285714285,0
0.8431372549019608,0.3716550247182916,0.1428571428571428,0
0.5490196078431373,0.08766487200528392,0.8673469387755102,0
0.23529411764705888,0.24027780557612635,0.6020408163265305,0
0.21568627450980393,0.6975962212036907,0.1122448979591836,0
0.5882352941176471,0.11070191942037108,0.4897959183673468,0
0.8823529411764707,0.8055861337389669,0.4183673469387755,1
0.019607843137254943,0.7353741768908992,0.3775510204081632,1
0.9803921568627451,0.8344274763324862,0.8265306122448979,1
0.9607843137254902,0.417569001060785,0.4489795918367346,0
0.6666666666666666,0.949442587514761,0.346938775510204,0
0.43137254901960786,0.9981786522026299,0.2959183673469387,0
0.3137254901960784,0.06681944639032886,0.8877551020408162,0
0.4901960784313726,0.36028661209294877,0.2959183673469387,0
0.13725490196078433,0.5421712066929528,0.7857142857142856,0
0.5490196078431373,0.5154914636831255,0.0510204081632653,1
0.4901960784313726,0.25468846946740586,0.673469387755102,0
0.17647058823529416,0.1938034145267498,0.8061224489795917,0
0.4901960784313726,0.37232552088545523,0.0612244897959183,0
0.6470588235294118,0.17803174349018272,0.520408163265306,0
0.9803921568627451,0.6613894281768509,0.1326530612244897,0
0.7843137254901961,0.87316614294578,0.7346938775510203,0
0.11764705882352944,0.8961931829553871,0.1428571428571428,1
0.05882352941176472,0.7490543001821348,0.2040816326530612,1
0.9607843137254902,0.5235374176890899,0.346938775510204,1
0.8627450980392156,0.3540119688569542,0.6632653061224489,0
0.1960784313725491,0.9645437623841644,0.9183673469387754,1
0.5490196078431373,0.5711426455577128,0.010204081632653,1
0.6862745098039217,0.7894341812941577,0.346938775510204,1
0.47058823529411764,0.8205071753097293,0.8265306122448979,1
0.3921568627450981,0.9541260532794267,0.7857142857142856,1
0.6862745098039217,0.029251646218201477,0.1938775510204081,0
0.17647058823529416,0.9725296719572483,0.8265306122448979,0
0.7058823529411765,0.2061725677000981,0.0918367346938775,0
0.1568627450980392,0.2346736585072954,0.2448979591836734,0
0.4509803921568628,0.7818485679402758,0.6632653061224489,0
0.6666666666666666,0.4096831655425015,0.2448979591836734,0
0.9411764705882354,0.5682805275904169,0.5408163265306122,0
0.6666666666666666,0.9408061965854733,0.3265306122448979,0
0.9215686274509803,0.06584872805876349,0.3571428571428571,0
0.6862745098039217,0.44519944759121755,0.9591836734693876,1
0.33333333333333337,0.5460040429918139,0.1326530612244897,1
0.9411764705882354,0.1526829854092028,0.6530612244897959,0
0.7450980392156864,0.07509557072233455,0.8061224489795917,0
0.607843137254902,0.2730520585233073,0.5408163265306122,0
0.4509803921568628,0.9423273222184416,0.520408163265306,0
0.43137254901960786,0.7927166102916158,0.0204081632653061,0
0.607843137254902,0.748543922502652,1.0,1
0.7058823529411765,0.8076476592678583,0.4081632653061224,1
0.21568627450980393,0.7403278426035266,0.0510204081632653,1
0.9411764705882354,0.523717550987731,0.2448979591836734,0
0.23529411764705888,0.6606989171987271,0.1224489795918367,0
0.43137254901960786,0.2939174989492225,0.9897959183673468,0
0.47058823529411764,0.7552789063907291,0.0714285714285714,0
0.6666666666666666,0.27748533915097173,0.2040816326530612,0
0.7843137254901961,0.9551568160438724,0.9897959183673468,0
0.5686274509803921,0.4851890398895182,0.6836734693877551,1
0.3137254901960784,0.1386926325480856,0.2448979591836734,0
0.9411764705882354,0.6933730960911074,0.7959183673469387,0
0.37254901960784315,0.9613313852250664,0.6836734693877551,1
0.9215686274509803,0.3994355823309249,0.4489795918367346,0
0.47058823529411764,0.16323079078518102,0.6020408163265305,0
0.4117647058823529,0.45057342433400716,0.1122448979591836,0
0.23529411764705888,0.29590897263975346,0.3163265306122448,0
0.3529411764705882,0.5116185977623442,0.9693877551020408,1
0.9411764705882354,0.619018073374297,0.9285714285714284,1
0.6862745098039217,0.739667353841843,0.1224489795918367,0
0.21568627450980393,0.6217300802593919,0.3061224489795918,1
0.7843137254901961,0.12933570842423395,0.7857142857142856,0
0.3529411764705882,0.33003422532674187,0.1938775510204081,0
0.21568627450980393,0.854342213237796,0.173469387755102,1
0.1568627450980392,0.8369293277024998,0.9387755102040816,0
0.11764705882352944,0.5858935612353141,0.6020408163265305,1
0.5294117647058824,0.10563817224746311,0.6326530612244897,0
0.2549019607843137,0.5004903628685228,0.0510204081632653,0
0.5882352941176471,0.24532153793807418,0.3163265306122448,0
1.0,0.03372495646778617,0.9387755102040816,0
0.3529411764705882,0.12625342753637694,0.4285714285714285,0
0.9019607843137255,0.10763965334347417,0.010204081632653,0
0.2941176470588236,0.3269719592498449,0.6020408163265305,0
0.07843137254901966,0.8568340572023296,0.2244897959183673,1
0.6666666666666666,0.019914736905309927,0.836734693877551,0
0.21568627450980393,0.33898084582591115,0.3061224489795918,0
0.47058823529411764,0.24909432980405502,0.0408163265306122,0
1.0,0.32376958949622725,0.836734693877551,0
0.3921568627450981,0.3476672737825991,0.336734693877551,0
0.6862745098039217,0.5560014410663892,0.0918367346938775,0
0.43137254901960786,0.32877329223625484,0.8979591836734693,0
0.2941176470588236,0.40570021816143953,0.010204081632653,1
0.7450980392156864,0.5775774072813883,0.1020408163265306,0
0.8627450980392156,0.9082320917478934,0.5,1
0.8039215686274509,0.9009967375858134,0.3061224489795918,0
0.7450980392156864,0.3536617096651522,0.5612244897959183,0
0.2549019607843137,0.044372835898564944,0.7959183673469387,0
0.5882352941176471,0.8068770890458941,0.7346938775510203,0
0.07843137254901966,0.894371835158017,0.8775510204081631,0
0.6666666666666666,0.7468626783820027,0.836734693877551,1
0.43137254901960786,0.9743109901326983,0.0816326530612244,0
0.5490196078431373,0.4297279987190521,1.0,1
0.823529411764706,0.6735384184296379,0.2040816326530612,0
0.1960784313725491,0.4500130096271241,0.7346938775510203,0
0.33333333333333337,0.9767127674479115,0.2755102040816326,1
0.9019607843137255,0.37540780177331223,0.6224489795918366,0
0.21568627450980393,0.007465524488121211,0.0612244897959183,0
0.1568627450980392,0.5661989872505654,0.8061224489795917,0
0.17647058823529416,0.2971899205412005,0.1530612244897959,0
0.8431372549019608,0.34601605187839,0.9795918367346936,0
0.3137254901960784,0.8009627124071814,0.0306122448979591,0
0.7254901960784313,0.4825570922482637,0.0306122448979591,1
0.11764705882352944,0.24219922742829694,0.3979591836734693,0
0.8823529411764707,0.8043452154594399,0.1632653061224489,0
0.23529411764705888,0.6219702579909133,0.520408163265306,1
0.7647058823529412,0.5482256870083863,0.9387755102040816,0
0.8039215686274509,0.5696115125192642,0.520408163265306,1
0.1568627450980392,0.8147028801312972,0.3571428571428571,0
0.9607843137254902,0.3816524227928667,0.3775510204081632,0
0.5098039215686275,0.4181494305786282,0.5,0
0.019607843137254943,0.6474190901266937,0.6326530612244897,0
0.07843137254901966,0.3412225046534436,0.6326530612244897,0
0.5490196078431373,0.7712607329423774,0.6224489795918366,1
0.7058823529411765,0.4001160859035686,1.0,0
0.7254901960784313,0.6165062145988032,0.0612244897959183,0
0.3529411764705882,0.8285731441266537,0.2653061224489795,1
0.13725490196078433,0.27336228809318897,0.9285714285714284,0
0.9215686274509803,0.5553509597101856,0.8673469387755102,1
0.8627450980392156,0.14149470608250106,0.1326530612244897,0
0.0,0.8141224506134539,0.7142857142857142,1
0.4117647058823529,0.5092568500690511,0.8673469387755102,1
1.0,0.7377559393951524,0.0408163265306122,0
0.3137254901960784,0.7274383043452155,0.5510204081632653,0
0.11764705882352944,0.6625102575906171,0.010204081632653,1
0.47058823529411764,0.465744651041771,0.6224489795918366,1
0.8627450980392156,0.7689490222764847,0.9183673469387754,0
0.05882352941176472,0.6246922722814883,0.2040816326530612,0
0.6862745098039217,0.18250505373976741,0.7959183673469387,0
0.09803921568627455,0.30410503772791864,0.2040816326530612,0
0.5882352941176471,0.26131337189520243,0.0918367346938775,0
0.3529411764705882,0.4284570582230851,0.8775510204081631,0
0.8431372549019608,0.07602625943197969,0.5816326530612245,0
0.7450980392156864,0.8438844745111382,0.3877551020408162,0
0.5098039215686275,0.25383784000160114,0.0408163265306122,0
0.17647058823529416,0.26644717090647074,0.6530612244897959,0
0.4901960784313726,0.24536156755999441,0.1224489795918367,0
0.3529411764705882,0.28792306306666937,0.8571428571428571,0
0.7450980392156864,0.07851810339651341,0.9081632653061223,0
0.03921568627450983,0.6139843484178292,0.8571428571428571,1
0.8627450980392156,0.5400796589476212,0.5306122448979591,0
0.23529411764705888,0.07232351940435924,0.8265306122448979,0
0.9607843137254902,0.3362488241298561,0.4489795918367346,0
0.5294117647058824,0.7575405800292216,0.3163265306122448,1
0.37254901960784315,0.604887616836459,0.3571428571428571,0
0.5294117647058824,0.5970418109400957,0.8163265306122448,1
0.13725490196078433,0.3466665332345936,1.0,0
0.7843137254901961,0.8330164321597984,0.6020408163265305,0
0.7450980392156864,0.176270440125693,0.1020408163265306,0
0.0,0.8356183575846126,0.6326530612244897,1
0.03921568627450983,0.23831635410203553,0.2040816326530612,0
0.23529411764705888,0.4361427456317676,0.520408163265306,0
0.5294117647058824,0.9783239597302003,0.5510204081632653,1
0.9411764705882354,0.6514820967515962,0.2551020408163265,0
0.47058823529411764,0.175549906931129,0.6836734693877551,0
0.6274509803921569,0.8880671697055822,0.336734693877551,0
0.7254901960784313,0.2589015871745092,0.520408163265306,0
0.09803921568627455,0.9438684626623701,0.8265306122448979,0
0.8431372549019608,0.29153573644496933,1.0,0
0.8627450980392156,0.4651642215239278,0.9387755102040816,0
0.607843137254902,0.42491443668314555,0.520408163265306,0
0.8627450980392156,0.6475992234253347,0.2857142857142857,1
0.9019607843137255,0.5874547164902028,0.3775510204081632,0
0.3921568627450981,0.5008306146548446,0.4183673469387755,1
0.2941176470588236,0.8112102956187579,0.2040816326530612,0
0.3921568627450981,0.25517883233592864,0.4183673469387755,0
0.1960784313725491,0.33706943137922063,0.1224489795918367,0
0.7058823529411765,0.6966054880611653,0.6428571428571428,0
0.6862745098039217,0.801983467766147,0.1632653061224489,0
0.6666666666666666,0.2171006544843184,0.0816326530612244,0
0.3529411764705882,0.039148970237976116,0.4081632653061224,0
0.37254901960784315,0.7082340932289894,0.0,0
0.33333333333333337,0.41843964533754985,0.010204081632653,1
0.9019607843137255,0.9467105658187058,0.6020408163265305,1
0.7843137254901961,0.09850289214018373,0.4795918367346938,0
0.9411764705882354,0.02962192022096352,0.2857142857142857,0
0.2549019607843137,0.4172587714909033,0.9795918367346936,1
0.27450980392156865,0.859596101114825,0.0918367346938775,1
0.5882352941176471,0.869923743570242,0.5816326530612245,1
0.0,0.4562176010247584,0.6020408163265305,0
0.03921568627450983,0.09463002621940234,0.2040816326530612,0
0.2941176470588236,0.023377299201409046,0.2755102040816326,0
0.43137254901960786,0.8408422232452015,0.7551020408163265,1
0.1960784313725491,0.19083121509917342,0.336734693877551,0
0.21568627450980393,0.015321337789964584,0.0714285714285714,0
0.17647058823529416,0.1125132598122611,0.5918367346938775,0
0.607843137254902,0.30523587454716494,0.8673469387755102,0
0.2941176470588236,0.7171206692952785,0.7244897959183673,1
0.13725490196078433,0.9211616596281249,0.4897959183673468,0
0.7254901960784313,0.9962972599723796,0.7959183673469387,0
0.21568627450980393,0.8623481376218403,0.1632653061224489,0
0.4509803921568628,0.0725937193523207,0.6020408163265305,0
0.5294117647058824,0.1957748734063207,0.8775510204081631,0
0.13725490196078433,0.6766507215339351,0.8877551020408162,1
0.5294117647058824,0.9683765986830255,0.4489795918367346,0
0.6862745098039217,0.6507015191241519,0.836734693877551,0
0.4901960784313726,0.8362588315353361,0.693877551020408,0
0.13725490196078433,0.3309448992254268,0.3163265306122448,0
0.9607843137254902,0.5173428336969358,0.4387755102040815,1
0.5294117647058824,0.9763625082561096,0.6530612244897959,1
0.5294117647058824,0.26251426055280913,0.8775510204081631,0
0.7058823529411765,0.8620979524848389,0.0714285714285714,0
0.7843137254901961,0.6926525628965434,0.7755102040816326,1
0.6862745098039217,0.02410783980145309,0.7244897959183673,0
0.5098039215686275,0.5392690591037368,0.8775510204081631,1
0.3137254901960784,0.22490643075876146,0.4285714285714285,0
0.1568627450980392,0.6360706923123112,0.0,0
0.6274509803921569,0.48850149110341656,0.510204081632653,0
0.37254901960784315,0.4968476672737826,0.2346938775510204,0
0.23529411764705888,0.745481656425755,1.0,0
0.5294117647058824,0.6833456758000921,0.2346938775510204,0
0.9215686274509803,0.49114344615015115,0.1632653061224489,0
0.5490196078431373,0.5428216880491564,0.0408163265306122,1
0.23529411764705888,0.47613233793006826,0.1938775510204081,0
0.8823529411764707,0.7824690270800393,0.2040816326530612,0
0.6666666666666666,0.026609691171466887,0.5816326530612245,0
0.09803921568627455,0.22846906710966117,0.3061224489795918,0
0.33333333333333337,0.7723315253287433,0.1020408163265306,1
0.9803921568627451,0.3647599223425335,0.520408163265306,0
0.07843137254901966,0.42505454035986634,0.1428571428571428,1
0.9019607843137255,0.9224926445569721,0.836734693877551,1
0.47058823529411764,0.1874086824249945,0.0612244897959183,0
0.019607843137254943,0.4882112763444949,0.2755102040816326,0
0.17647058823529416,0.5791485699417569,0.510204081632653,0
0.5686274509803921,0.9213217781158056,0.5816326530612245,0
0.9607843137254902,0.9166683345675801,0.0408163265306122,0
0.8627450980392156,0.3302643956527831,0.0408163265306122,0
0.07843137254901966,0.7570902467826192,0.9489795918367346,1
0.6274509803921569,0.8726757800772571,0.9693877551020408,1
0.0,0.9576686748193664,0.0714285714285714,0
0.33333333333333337,0.6044572984008166,0.6428571428571428,1
0.607843137254902,0.7541380621660029,0.0918367346938775,1
0.9019607843137255,0.6666132938374397,0.3775510204081632,0
0.9411764705882354,0.3479775033524809,0.9693877551020408,0
0.1960784313725491,0.3192962792466425,0.9285714285714284,0
0.3921568627450981,0.7253867862218042,0.8163265306122448,0
0.4901960784313726,0.1293657306406741,0.9591836734693876,0
0.47058823529411764,0.3727858615375378,0.0714285714285714,0
0.4117647058823529,0.3153833837039409,0.2448979591836734,0
0.5098039215686275,0.638392410383684,0.7346938775510203,1
0.9411764705882354,0.009477012989612316,0.6632653061224489,0
0.23529411764705888,0.7097352040509978,0.7959183673469387,0
0.6274509803921569,0.7623841642815684,0.5,0
0.6470588235294118,0.4749214418669816,0.673469387755102,0
0.7843137254901961,0.2921862178011728,0.4897959183673468,0
0.6666666666666666,0.8727658467265778,0.3571428571428571,0
0.0,0.4217821187678883,0.6836734693877551,0
0.3921568627450981,0.13230790785181032,0.7857142857142856,0
0.9215686274509803,0.61231311170266,0.4081632653061224,1
0.09803921568627455,0.013760182535075965,0.8979591836734693,0
0.5294117647058824,0.9888817725116585,0.6224489795918366,1
0.3137254901960784,0.9136460981126033,0.0918367346938775,1
0.07843137254901966,0.2661969857694694,0.2040816326530612,0
0.5882352941176471,0.05027720513179754,0.3571428571428571,0
0.07843137254901966,0.8219782639152973,0.1122448979591836,1
0.7254901960784313,0.13456958149030282,0.9183673469387754,0
0.03921568627450983,0.7258871564958069,0.010204081632653,1
0.43137254901960786,0.8380901867381862,0.1224489795918367,0
0.7058823529411765,0.4551267938274324,0.5306122448979591,0
0.7058823529411765,0.07436503012229048,0.3163265306122448,0
0.17647058823529416,0.5016912515261294,0.9591836734693876,0
0.17647058823529416,0.8039449192402377,0.1530612244897959,0
0.3529411764705882,0.6387526769809659,0.3163265306122448,0
0.3137254901960784,0.7360346656525829,0.3163265306122448,1
0.3921568627450981,0.09023677521365811,0.9897959183673468,0
0.2549019607843137,0.20908472269479414,0.1020408163265306,0
0.1568627450980392,0.7691591777915657,0.0918367346938775,1
0.8823529411764707,0.678792306306667,0.1428571428571428,0
0.0,0.23778596161159257,0.1632653061224489,0
0.9803921568627451,0.3753477573404319,0.3979591836734693,0
0.8627450980392156,0.24818365590536998,0.173469387755102,0
0.23529411764705888,0.21150651482096752,0.5510204081632653,0
0.05882352941176472,0.7747232952384765,0.7346938775510203,1
0.0,0.9088125212657368,0.2448979591836734,1
0.9411764705882354,0.8727058022936973,0.5918367346938775,1
0.7647058823529412,0.21382823289234035,0.7857142857142856,0
0.607843137254902,0.27043011828753283,0.8979591836734693,0
0.6470588235294118,0.8705041730880851,0.2142857142857142,1
0.5294117647058824,0.573544422872926,0.2959183673469387,0
0.5882352941176471,0.44036587074435085,0.846938775510204,1
0.13725490196078433,0.07758741468686828,0.8571428571428571,0
0.7450980392156864,0.31561355402998226,0.4387755102040815,0
0.4901960784313726,0.93114905029722,0.3163265306122448,1
0.6470588235294118,0.27042011088205276,0.510204081632653,0
0.03921568627450983,0.292026099313492,0.4591836734693877,0
0.9607843137254902,0.9622520665292316,0.2040816326530612,1
0.21568627450980393,0.4454196105117787,1.0,1
0.0,0.11693653303444548,0.3163265306122448,0
0.8431372549019608,0.2598823129115545,0.9489795918367346,0
0.07843137254901966,0.1297460120489162,0.3877551020408162,0
0.5686274509803921,0.14238536517022596,0.1122448979591836,0
0.5686274509803921,0.8919200208154034,0.4693877551020408,1
0.3137254901960784,0.06484798751075796,0.173469387755102,0
0.9215686274509803,0.9778035746452376,0.2040816326530612,1
0.9019607843137255,0.8195864940055642,0.1224489795918367,1
0.43137254901960786,0.6886896303264416,0.2040816326530612,0
0.27450980392156865,0.41816944538958833,0.0714285714285714,1
0.7058823529411765,0.7592818685827513,0.4591836734693877,1
0.3921568627450981,0.17434901827352242,0.0612244897959183,0
0.2549019607843137,0.23368292536476995,0.2244897959183673,0
0.019607843137254943,0.5095270500170126,0.9693877551020408,0
0.1960784313725491,0.6052979204611413,0.7551020408163265,0
0.9803921568627451,0.7879530852831095,0.8673469387755102,1
0.7450980392156864,0.5228569141164462,0.2142857142857142,0
0.7254901960784313,0.030352460821007565,0.8979591836734693,0
0.6470588235294118,0.7725516882493045,0.2142857142857142,0
0.7254901960784313,0.21998278726257428,0.9285714285714284,0
0.9607843137254902,0.5290915277305206,0.2857142857142857,1
0.6470588235294118,0.44385845525689016,0.1224489795918367,1
0.33333333333333337,0.9363228789304086,0.8265306122448979,0
0.5686274509803921,0.9789544262754439,0.010204081632653,0
0.27450980392156865,0.3372095350559414,0.2857142857142857,0
0.5098039215686275,0.5324740307827793,0.8571428571428571,0
0.9803921568627451,0.3918299541660829,0.7959183673469387,0
0.6470588235294118,0.8187158497287994,0.520408163265306,0
1.0,0.28563136721173665,0.2653061224489795,0
0.7254901960784313,0.5331044973280228,0.5,0
0.6274509803921569,0.4887716910513781,0.9591836734693876,1
0.4509803921568628,1.0,0.7959183673469387,1
0.27450980392156865,0.6340291815943798,0.2244897959183673,0
0.5686274509803921,0.3215979825070553,0.8877551020408162,0
0.8039215686274509,0.055701218901987454,0.4387755102040815,0
0.9803921568627451,0.07369453395512679,0.7755102040816326,0
0.3137254901960784,0.1280647679282669,0.2142857142857142,0
0.07843137254901966,0.1993675319736605,0.4285714285714285,0
0.5490196078431373,0.7695794888217281,0.3673469387755101,1
0.05882352941176472,0.019214218521706072,0.6122448979591836,0
0.17647058823529416,0.4826571663030643,0.9795918367346936,0
0.3137254901960784,0.26390528991453677,0.5612244897959183,0
0.17647058823529416,0.8497888437443708,0.0204081632653061,0
0.3137254901960784,0.8271220703320457,0.6326530612244897,1
0.37254901960784315,0.2634449492624542,0.183673469387755,0
0.4509803921568628,0.38126213397914455,0.2244897959183673,0
0.07843137254901966,0.2297600224165883,0.2857142857142857,0
0.6470588235294118,0.18592758641394633,0.2959183673469387,0
0.09803921568627455,0.8553329463803214,0.3877551020408162,1
0.019607843137254943,0.9992494445889959,0.2448979591836734,0
0.23529411764705888,0.21518924003762782,0.0714285714285714,0
0.823529411764706,0.3931008946620499,0.5816326530612245,0
0.823529411764706,0.057202329723995776,0.1530612244897959,0
0.9215686274509803,0.3641094409863299,0.7244897959183673,0
0.1960784313725491,0.6890699117346837,0.0,0
0.9803921568627451,0.0865740648079579,0.0408163265306122,0
0.9019607843137255,0.7431299161379421,0.0204081632653061,0
0.43137254901960786,0.82971398835138,0.6530612244897959,1
0.2941176470588236,0.8555631167063626,0.0306122448979591,1
0.5882352941176471,0.306696955747253,1.0,0
0.1960784313725491,0.39078918399615714,0.9693877551020408,0
0.2941176470588236,0.61773712547285,0.6428571428571428,1
0.13725490196078433,0.828803314452695,0.9897959183673468,1
0.05882352941176472,0.3879570882453015,0.8979591836734693,0
0.7647058823529412,0.05599143366090906,0.0918367346938775,0
0.05882352941176472,0.4483217581009947,0.2040816326530612,1
0.47058823529411764,0.536046674539159,0.4591836734693877,1
0.03921568627450983,0.5207653663711146,0.9183673469387754,1
0.607843137254902,0.15202249664751918,0.2653061224489795,0
0.03921568627450983,0.004663450953705739,0.6632653061224489,0
0.5098039215686275,0.687508756479795,0.4081632653061224,0
0.5490196078431373,0.47812381162059925,0.1224489795918367,0
0.607843137254902,0.11484498528911394,0.0816326530612244,0
0.9607843137254902,0.28502091547745334,0.3571428571428571,0
0.9803921568627451,0.7908152032504053,0.8673469387755102,0
0.3529411764705882,0.5100474351019755,0.9081632653061223,0
0.3921568627450981,0.3449652743029842,0.5816326530612245,0
0.07843137254901966,0.08658407221343797,0.5408163265306122,0
0.33333333333333337,0.6544342813682125,0.1122448979591836,0
0.5294117647058824,0.7473930708724457,0.8163265306122448,0
0.8039215686274509,0.050527390268798905,0.7857142857142856,0
0.4117647058823529,0.49244440886255836,0.1326530612244897,1
0.3921568627450981,0.5459540059644137,0.336734693877551,0
0.09803921568627455,0.8250405299921941,0.5306122448979591,1
0.0,0.29720993535216056,0.1938775510204081,0
0.07843137254901966,0.8571142645557712,0.7551020408163265,0
0.7843137254901961,0.6009647138882773,0.1530612244897959,1
0.21568627450980393,0.26548645998038545,0.9591836734693876,0
0.4901960784313726,0.2997718311550548,0.7040816326530611,0
0.8823529411764707,0.28970438124211917,0.5612244897959183,0
0.6470588235294118,0.8331064988091188,0.836734693877551,1
0.9411764705882354,0.6203190360867041,0.5816326530612245,1
0.2549019607843137,0.2610231571362809,0.0306122448979591,0
0.4901960784313726,0.06098512899545663,0.0306122448979591,0
0.8627450980392156,0.21760102475832113,0.1938775510204081,0
0.5098039215686275,0.41658827532373954,0.0918367346938775,0
0.1568627450980392,0.6427556391729881,0.2346938775510204,1
0.4901960784313726,0.5117286792226248,1.0,0
0.9019607843137255,0.2053619678562136,0.2551020408163265,0
0.4117647058823529,0.526269439385145,0.3673469387755101,1
0.9019607843137255,0.3004923643496188,0.8571428571428571,0
0.5686274509803921,0.4990693112903549,0.5408163265306122,1
0.823529411764706,0.32945379580889866,0.2040816326530612,0
0.9215686274509803,0.6928927406280648,0.7448979591836734,0
0.3137254901960784,0.46141144446890703,0.3775510204081632,0
0.4901960784313726,0.7529972179412766,0.4591836734693877,0
0.6862745098039217,0.4338010127494346,0.0306122448979591,0
0.0,0.3946820647278987,0.6020408163265305,0
0.13725490196078433,0.5224766327082041,0.5714285714285714,1
0.9411764705882354,0.38527510357664674,0.4489795918367346,0
0.6666666666666666,0.7431399235434222,0.1938775510204081,1
1.0,0.9532754238136221,0.1632653061224489,1
0.27450980392156865,0.963583051458079,0.7142857142857142,1
0.9019607843137255,0.4876308468266517,0.0306122448979591,0
0.4117647058823529,0.35454236134739714,0.9387755102040816,0
0.2549019607843137,0.7443608270119889,0.1326530612244897,0
0.4901960784313726,0.7465824710285611,0.0204081632653061,1
0.5294117647058824,0.22387566799431577,0.8877551020408162,0
0.43137254901960786,0.616666333086484,0.8061224489795917,0
0.2549019607843137,0.6346996777615436,0.5816326530612245,0
0.4509803921568628,0.4912935572323519,0.5510204081632653,1
0.019607843137254943,0.06312671376818849,0.0306122448979591,0
0.8627450980392156,0.27384264355623156,0.2346938775510204,0
0.4901960784313726,0.4497728318956028,0.336734693877551,1
0.2549019607843137,0.8387106458779496,0.2959183673469387,0
0.9803921568627451,0.8865760662890538,0.8265306122448979,1
0.11764705882352944,0.5696715569521446,0.183673469387755,1
0.03921568627450983,0.5004603406520826,0.3061224489795918,0
0.9019607843137255,0.5230470548205672,0.6020408163265305,1
0.43137254901960786,0.8106098512899547,0.6020408163265305,1
0.8823529411764707,0.23355282909352923,0.183673469387755,0
0.823529411764706,0.984058203070272,0.4897959183673468,1
0.9019607843137255,0.5083862057922863,0.6326530612244897,1
0.8627450980392156,0.7589316093909493,0.836734693877551,1
0.33333333333333337,0.8190561015151212,0.2142857142857142,0
0.7254901960784313,0.685677401276945,0.2346938775510204,0
0.5242430434610128,0.5351429953951435,0.3275495012465239,1
0.1624410243640867,0.6428552851959439,0.2346938775510204,1
0.8808289593844271,0.7455377706392141,0.5733529923041603,1
0.6851500782124081,0.5170821664506137,0.31642766076715223,1
0.9073230664113777,0.7447750400736713,0.5930786324846897,1
0.43442098188034706,0.880707068669619,0.7849749255991699,1
0.4630711102118438,0.6271475673368951,0.24880993244077515,1
0.5963077216502016,0.9058553822109991,0.6475378580271066,1
0.4655188127106119,0.48668225575081714,0.45562451688801153,1
0.23522551750804221,0.6219694177033991,0.5196584617460529,1
0.5981094823904598,0.5804912284692568,0.15471837218278112,1
0.3673751593513098,0.7487674654996581,0.6513915393219789,1
0.5585775522693809,0.5804921892413883,0.17920972830735624,1
0.23370660147192523,0.6047708565055182,0.5478051078669218,1
0.28416406271047245,0.44907977050460246,0.2733769821785914,1
0.9392672177280607,0.5172460888673162,0.41851305537268296,1
0.4961620676215184,0.7389080767787345,0.5705422534016078,1
0.2696752634233103,0.4179449082075495,0.2953467277713758,1
0.44586226355193137,0.8201538269554687,0.5048406737623711,1
0.6391253119111504,0.6934939669550858,0.7925715153547462,1
0.7698338641753232,0.7899787485001273,0.47739368590637177,1
0.6536834740025858,0.889142083787984,0.33535633393132486,1
0.2745607041680198,0.633192362039983,0.6795076266441098,1
0.5391683469124503,0.5419292422435097,0.2510100674088438,1
0.838472964587697,0.7443072447450589,0.4788700133243622,1
0.8338592333594957,0.8877269571762718,0.606232815685591,1
0.7461948976093099,0.8706053667669691,0.10465436705705136,1
0.8522240762288057,0.6475992234253347,0.3349913164385533,1
0.5129143847051227,0.7712754747823792,0.5999016361627908,1
0.8474388041793618,0.6005297758673669,0.25571999404169166,1
0.4216315782749329,0.6213295263686006,0.38433168320038125,1
0.3666493498017992,0.7548897366118598,0.6288809476233743,1
0.5040195402082677,0.6633707487490106,0.7596520023891351,1
0.2758616307696552,0.7367979979666407,0.6020441229167349,1
0.02200646701679715,0.5624615835976097,0.5150273236255883,1
0.2801651409543249,0.9309946893496355,0.6005112480556787,1
0.6784570851017301,0.5980705590806785,0.6685848136017836,1
0.7621185287401103,0.8460038672018935,0.27871995132646576,1
0.7817165573331682,0.6138232921724056,0.4320989911592781,1
0.40928847462674456,0.7084180179671168,0.045711747343340436,1
0.7202413620722009,0.8607581519754386,0.6372616998109086,1
0.567867035183507,0.5153748295950844,0.15646022489140496,1
0.528421405705297,0.6907713653933576,0.7324649764606495,1
0.7890893362607329,0.7877903574670139,0.6640876918858722,1
0.5415269456949346,0.9434540229015254,0.40939857163728155,1
0.34125207961342097,0.734821216759424,0.07801766592391413,1
0.36610521689183384,0.695076188362084,0.8246545219123157,1
0.5782253139501821,0.9901573358263787,0.3480969089412217,1
0.5615807971764321,0.5286301062169864,0.5117938282497216,1
0.5492498769867894,0.861100816253896,0.759990604419964,1
0.3388743256066121,0.8285881556133934,0.3125566484030218,1
0.6132004795939334,0.4935889170215606,0.08010590706669007,1
0.6851859838357955,0.9083515482956963,0.447498174719536,1
0.1160020848739366,0.43871318075914956,0.5485231833715036,1
0.3028572662678186,0.8353359381258678,0.40702468095724414,1
0.3642520971826374,0.4771232239312373,0.5029402240359195,1
0.32515560237164465,0.6491364643509567,0.38753479375625316,1
0.6097558662517379,0.754171253448357,0.16649171849895344,1
0.6098469734627231,0.9909836520735931,0.1703702756809397,1
0.8411074337248213,0.8461704935720513,0.22941219999825935,1
0.7143614390822354,0.4615783247987726,0.45766674513433164,1
0.8264358387794247,0.7903476309477526,0.5657620748291018,1
0.4986747504225819,0.7715106741597363,0.50097683288417,1
0.9293307189455448,0.9485432991074239,0.4795463945967757,1
0.647762321475248,0.6020222262039396,0.30136550001268536,1
0.256355887791209,0.7847853446177813,0.22914521734103252,1
0.6197594294816792,0.5158095229599235,0.11763545886078436,1
0.6661060689440218,0.4193113659465414,0.5870785383148316,1
0.2729248620864345,0.5611535100122689,0.10463309728720178,1
0.5271621289738763,0.5408415744904831,0.5071835542410705,1
0.18377178428727436,0.6426348964188853,0.2329434170935574,1
0.517758037722873,0.6211425649442033,0.42083640869950245,1
0.4026020669773611,0.9675333474691419,0.2781580447267602,1
0.6381964456038454,0.7476763900421854,0.9157540829498715,1
0.2301800938598575,0.6219076159846734,0.4645191890194626,1
0.5286869532208441,0.9433380127435769,0.4025359391456138,1
0.5750285310300428,0.5686936025826789,0.44019472106499086,1
0.7027381694514302,0.5087400479323275,0.7280359702993764,1
0.48801151114660235,0.8280060278005021,0.3888971658517226,1
0.21953581191921345,0.8352967699845979,0.4229998470165631,1
0.8246043810852487,0.6137977633142483,0.4081632653061224,1
0.3343656836842457,0.8278858066511467,0.43930920793737305,1
0.8449310780767466,0.9307583659885903,0.38433963204801197,1
0.39619703062760325,0.9044731954033236,0.480915078563392,1
0.6070695144737464,0.7485446416751446,0.9988784725133247,1
0.28126001817832735,0.41820045181778376,0.06440283822255725,1
0.3695485700183996,0.8553754376916836,0.21707286823425825,1
0.6122971745158347,0.9187949275746004,0.14945630965825224,1
0.5442126830987075,0.5423862189395258,0.1433804044959442,1
0.3769879112847083,0.9043405158787707,0.464920546539104,1
0.27857339946652726,0.4181881111057697,0.06719911484096143,1
0.8167266054161367,0.5936337593497737,0.2611611488352015,1
0.605793026379965,0.8902950543510124,0.359787231729831,1
0.5474817193621352,0.4624513134528112,0.7555170265969143,1
0.1663959017350597,0.7350911557957238,0.06350445966660145,1
0.9070050509920246,0.759803665307024,0.8429586177092709,1
0.4726181769591764,0.7178841965704077,0.5962088028558689,1
0.8273251976328523,0.7878228820173475,0.7047132945937491,1
0.34578823155119853,0.8545319307661701,0.7344629576216397,1
0.21366064825191688,0.7690528870575247,0.8997579285357696,1
0.6104217444973501,0.8900926758964074,0.3461372364652976,1
0.5752728385331077,0.8286866172444127,0.2074545165041403,1
0.8434186823061228,0.6135096913323023,0.4081632653061224,1
0.7735540880506572,0.5557853337837915,0.8395312812861637,1
0.18047207000465615,0.642463769328957,0.26814042116872766,1
0.4847777428571973,0.5967077012154713,0.47565052711411837,1
0.42808168973401006,0.8551832163251789,0.4163812349939362,1
0.2189624954918007,0.7249298824848563,0.1322150035947005,1
0.7561729776621872,0.5986069736407127,0.5915486518800476,1
0.46322059010181027,0.7872199377672747,0.2824987278895218,1
0.2563155820220113,0.4250494965748637,0.32285902149052725,1
0.5731819496965957,0.8603747586222252,0.457310620740153,1
0.760426864596463,0.8889285704453838,0.13864169539843194,1
0.22483701172045856,0.6218421682279471,0.40612693421031726,1
0.893499863693039,0.7446811196656135,0.5701486897102004,1
0.6212425190524916,0.8702494358203647,0.3755059014272974,1
0.3967534987446195,0.7223841504738395,0.5904132068362828,1
0.7833081165432506,0.7591089844134289,0.6455387958126451,1
0.4391860188318809,0.5294241484269394,0.49717682333737706,1
0.6976374468027778,0.4615057726036167,0.5512272427589502,1
0.06879818210815186,0.821904515434549,0.232561480608389,1
0.7154195370207433,0.4825961083034148,0.04919345163797907,1
0.6735114167116841,0.9979556523773458,0.47607056820546073,1
0.30976124000453364,0.47537270919251584,0.37028877465553867,1
0.5432338867751585,0.6542017637075989,0.6353966408771381,1
0.20358899965462673,0.41968546950157315,0.5966835697201736,1
0.7140288255018142,0.6907564797052951,0.7337081061293588,1
0.0675032490798892,0.447276293397859,0.2582855962948178,1
0.6402752687826521,0.9060189484736221,0.6726351547092917,1
0.23309619854166697,0.7720136099520284,0.18028715113839255,1
0.735690319375743,0.8890066157796814,0.1678987409980777,1
0.7843137254901961,0.7048031107758619,0.9845294496157408,1
0.6173970352885487,0.7482708611093799,0.9734830585188581,1
0.6713609418195307,0.5097438787579261,0.7740887517921756,1
0.5242943017746678,0.739248754488251,0.553240146496656,1
0.6428781322821983,0.8546755409630302,0.21457383342519187,1
0.8220758027916154,0.9838920198055703,0.4977388531131627,1
0.3619366704265694,0.42582418045134796,0.47390250141316065,1
0.5923908839307683,0.4622884102276138,0.6512765166310384,1
0.23921356259238513,0.5918810649771581,0.9862727809350452,1
0.6964717360976286,0.4676221642210545,0.8575522151220214,1
0.8388041954397255,0.5132988008494364,0.7056923180216763,1
0.06722060524319984,0.8354419169739515,0.5377015065879582,1
0.28767961891851146,0.4266579615672941,0.4459929633463566,1
0.6148130189537623,0.7467803429994485,0.5968674799675171,1
0.08826471558151056,0.6322023977670266,0.5483400428434044,1
0.554124233342009,0.7081962551517991,0.185691496655615,1
0.8421046283572816,0.8197142453978434,0.2201455532517278,1
0.25569905956005623,0.854370954794484,0.16190106554669575,1
0.8672176293132715,0.8057547342661056,0.42453159551482544,1
0.3143454874398002,0.7348528425076729,0.018464142426825897,1
0.3120721320303842,0.6329872828519082,0.6240972389230394,1
0.20447573002786001,0.9309390618819251,0.7029236550847525,1
0.7527518157477097,0.9966706239745651,0.21729118696279465,1
0.6870178376866639,0.7460560950408964,0.2990113718764696,1
0.36029215589260677,0.737488226136992,0.618622303134873,1
0.6496827584884021,0.5936499984832911,0.5053958113257524,1
0.4734724474947086,0.5966230749827477,0.38936112985757154,1
0.5105850096402867,0.5121721480713988,0.8840670519252979,1
0.5958879624584854,0.4434026808135414,0.15423285544464715,1
0.3487147009897489,0.8284167544674019,0.30489698460622994,1
0.7411877502581833,0.8072352223932238,0.41020473385846634,1
0.8496542158973593,0.6475992234253347,0.3470277030929806,1
0.31273857492084567,0.7244304610816217,0.19586957392586235,1
0.0071311070150168465,0.5908101861754173,0.4486717403473701,1
0.2748480244023601,0.7856100604885156,0.20443272706739257,1
0.42499059279339435,0.4925254112322075,0.1250054395412345,1
0.3639698179494848,0.7347768610557186,0.026211614434970526,1
0.8389668505379003,0.523049734045379,0.5647051259849062,1
0.08529356209849825,0.4290179724496235,0.37657238237901836,1
0.41134648244945504,0.9045778343526203,0.49352931599872985,1
0.5229929549354307,0.42968814845090486,0.9650100865245884,1
0.8753169843582228,0.5239627187071221,0.3501157680741476,1
0.4778544212547621,0.4452969561389396,0.977260926047631,1
0.6676433448374676,0.9059089500393256,0.6708548334353177,1
0.8810426111421096,0.8056014409855972,0.41829157955583623,1
0.36536696906361177,0.5468869026359624,0.173403332527633,1
0.4710126420687213,0.529666178038829,0.46073858734581075,1
0.8941790245640108,0.8878898181471035,0.33300441612663306,1
0.15819844160444818,0.5515945438712566,0.5296854350771856,1
0.43471932279294956,0.49177076622610405,0.3775413467349862,1
0.8608317229350252,0.6475992234253347,0.29467590992676945,1
0.7779335490742944,0.7900315352025599,0.49003911233027575,1
0.4299573126708345,0.4495701975494597,0.31821043520443565,1
0.5548507271207764,0.5346274866026433,0.2524580557663751,1
0.39262670604814287,0.4453368296021615,0.9846531258359603,1
0.20971766738131925,0.8560604471566879,0.10647827486781222,1
0.21861209871746112,0.5614366502383575,0.1934653429140068,1
0.9382617998922261,0.791122612119116,0.7453313358760829,1
0.8270833286132183,0.7921601985909758,0.7618622455997838,1
0.20405016830485567,0.9644461160658373,0.8976245620638961,1
0.0770634401548394,0.5213231346051881,0.7411008262135583,1
0.25550644978450976,0.7499953867992637,0.504750612330019,1
0.7238024004360187,0.8197228860993799,0.19584841580675927,1
0.08245289876784156,0.5874592762497004,0.5531999411472085,1
0.41617148059130427,0.9633083078183997,0.6089687243417417,1
0.4670017634954521,0.5530738715442952,0.7265035843218847,1
0.19308237251370453,0.574888292736181,0.1606515643523872,1
0.17655848193527068,0.4562477578181464,0.730443081677542,1
0.3817909016152329,0.6399749689835387,0.5533420992837114,1
0.45414919671776954,0.6278465365720126,0.2534529690550383,1
0.22973939638061192,0.6757715838807014,0.4485717184629872,1
0.43681282059866633,0.4495932584695981,0.32031859928428374,1
0.08706984675267798,0.7491894528999322,0.2472617491493425,1
0.2467072952141901,0.6298532485838529,0.21966691175484246,1
0.2575499542260895,0.5612336616123282,0.1297798124756962,1
0.6474642361036934,0.7474115059312677,0.890031235848252,1
0.36298769923627494,0.4176835385134008,0.5914758024362735,1
0.7399951657791694,0.46168952929533125,0.3142617383833714,1
0.09118095495055079,0.7123014774295674,0.8411145394308479,1
0.5368981546961662,0.5313693264827402,0.3132041112676211,1
0.6179514548868955,0.9310083480237648,0.34082098248905557,1
0.2087406757905994,0.7357989052663712,0.3381805123864466,1
0.6130001925616836,0.8524471500550674,0.9006429573535291,1
0.3687970599377808,0.4413800017434655,0.29528635546326787,1
0.4474051575647907,0.44531120171143823,0.9799019336125776,1
0.7037076396578322,0.8546927635360007,0.03237477538237277,1
0.6407457383537811,0.4827473996388669,0.700958200287233,1
0.6967070775473067,0.978101961866954,0.4030152691494746,1
0.22720150869117506,0.6218711311033965,0.43196750824743296,1
0.5252882600369895,0.6543764553693501,0.6163178210462524,1
0.049715609686702744,0.6315719417692284,0.4350883575413508,1
0.06747524994783133,0.4472796658690221,0.25811074457217087,1
0.9692530868023589,0.9533184517409696,0.1947510358649971,1
0.09929928055473325,0.6051938805676088,0.4195695516857234,1
0.3344860547563251,0.5804976354936975,0.3180419242884769,1
0.5474078322693701,0.863518879843356,0.6124379863817846,1
0.9164086215598263,0.759980807018225,0.8480127748085577,1
0.4621384208002688,0.5785472249389848,0.08183399259712444,1
0.1673905000324588,0.6305360369193745,0.20590787585597073,1
0.16596521367497208,0.6429182385606332,0.2346938775510204,1
0.16478299582916944,0.642657725219297,0.2459142327534548,1
0.2857268568772723,0.7365991158139096,0.5276019320332365,1
0.8876197205122739,0.4942892042984871,0.6241440523275399,1
0.9960558214897076,0.8614841171626115,0.9776702699572086,1
0.5460239002611069,0.662068928442159,0.8126409805404282,1
0.32468243779858186,0.7746313772543675,0.7436200160156206,1
0.10102134815387115,0.4290420537824745,0.3977166253667263,1
0.369342429827651,0.5694874313830195,0.17494118100597938,1
0.5644695425590358,0.5255095522683039,0.36167059280575004,1
0.6854406979123374,0.930934019332551,0.353760649384911,1
0.49645431405948537,0.5230643016081759,0.36170237264693417,1
0.5122819801756959,0.5530828325693239,0.7115956246027123,1
0.2340388155566595,0.8296759832891327,0.42736286946070495,1
0.5165157570816649,0.618177395170071,0.7410589057243714,1
0.0345257919647618,0.9086616397956628,0.26848030815960444,1
0.40397407923384887,0.8789233483097394,0.6592110004176152,1
0.27263541984413564,0.5921632935344822,0.9562303137022565,1
0.34989231877744076,0.7205832458286969,0.8580380699721134,1
0.47775608661980506,0.5366356626627227,0.5356529445000624,1
0.7709452765754726,0.5139609758729586,0.8221565593036732,1
0.8037979221598904,0.6008304658506586,0.18474789636971956,1
0.44605020882314883,0.55156871960662,0.13878225172949793,1
0.2941176470588236,0.7165615268181583,0.6571826240172848,1
0.28717476721666535,0.675225615635471,0.1758269663933097,1
0.37721658896445487,0.9157577874302654,0.0643023296157551,1
0.40062694823254585,0.7082183718880795,0.0776975281372223,1
0.7227352865228734,0.8612496439853579,0.8445110688140094,1
0.4520682541209976,0.5784515918852268,0.08033667918417159,1
0.09968959396384092,0.7352365029939534,0.30297435234516634,1
0.40567743178237103,0.9675136813350986,0.27646345595665267,1
0.9094589013369622,0.4953731114179375,0.8430122482722662,1
0.2578277977968143,0.5705599088621063,0.5666672740826226,1
0.1968055057796464,0.6425764131925564,0.23209556021076277,1
0.9795029400260521,0.7780821142808648,0.11346845974248534,1
0.6320425472147824,0.4827669440626565,0.7698022183581702,1
0.10376448414660511,0.9217398919774391,0.7110037982876176,1
0.6559551272471443,0.9369035390656848,0.10265491532672548,1
0.4657201886914982,0.8102392113246037,0.5777821699401882,1
0.09532019531730002,0.5516720255167386,0.5851069085908618,1
0.43766282790777244,0.7547777106480686,0.6910342097690012,1
0.1820669226398327,0.4278438135500081,0.4062983955273294,1
0.48399917414214677,0.6414271545122576,0.21381904452362532,1
0.1555108396884437,0.5621199332131914,0.5375322230882471,1
0.3325370016826299,0.6778218161265168,0.7945975697755481,1
0.18417394451245006,0.5696657362942804,0.21631625324036524,1
0.5654747737059024,0.989824147159907,0.419760149416214,1
0.5075711818593732,0.8356126008512355,0.43894732447407586,1
0.9411215356473265,0.5173242386112885,0.4300476444244884,1
0.5666931957271762,0.7485821761667611,0.9403445818522986,1
0.38954910339827353,0.930766190840002,0.7123640427059151,1
0.4121697085520881,0.8544833491210064,0.11666295274287702,1
0.7171753676906375,0.9792454054223416,0.6637669986525413,1
0.8179045828135126,0.9791413865273766,0.5817149381181224,1
0.8763334482273931,0.9050701777200696,0.657279329260718,1
0.4172313981441118,0.4181470440567364,0.1994027788079799,1
0.11371060847144693,0.8251917711239636,0.538026354657178,1
0.6970968888548158,0.9448596073451638,0.4925465445671904,1
0.18981796139579477,0.4562680598452211,0.72071183105306,1
0.48463724667309427,0.5515528913655632,0.14627607376677387,1
0.21158865620427014,0.4543741627125716,0.5129909277174736,1
0.4530964722419467,0.5117378708263794,0.9085791826694303,1
0.2628670061284474,0.7136165009626071,0.5053324312094827,1
0.1810386136692098,0.7840344496592024,0.6410499592017525,1
0.782678324887485,0.5987899201874484,0.5652751298491401,1
0.1982403929346589,0.42624437560399897,0.3610807157024143,1
0.7897823227261372,0.7889129442641308,0.5300842322521652,1
0.2424368015611711,0.8155911233391564,0.5552067304751676,1
0.1841124204181359,0.7120489122371721,0.8273537328383802,1
0.7188887620946948,0.41889462424537127,0.6595688372346497,1
0.16131620818003767,0.44585630088106953,0.41279850239146765,1
0.6357786339688513,0.889321843343525,0.2860688698420357,1
0.7588173724084789,0.7594192042491134,0.5601923330651588,1
0.16001725558710578,0.8150918289314697,0.6092877014137845,1
0.40760507471063856,0.7505136634053476,0.5194823541613964,1
0.5635380041997241,0.7562583524568214,0.5248577938792616,1
0.6494238011818295,0.9083756080399732,0.43692378165742873,1
0.5085866355025935,0.9307592869650694,0.6307051790777661,1
0.11627032734650117,0.7119978146809848,0.8784194371624361,1
0.906422943926796,0.6201803616786085,0.5849210201479283,1
0.5182084616550567,0.8545595177463499,0.08600549011106633,1
0.30371632346337496,0.5743201126759065,0.3513681264805499,1
0.4090867251123683,0.737865338687711,0.6222498877270127,1
0.1987004331705997,0.5515967733409575,0.44628681976013307,1
0.2675754295948377,0.8544178791422607,0.3972130039963993,1
0.5980296781439494,0.8906344862150233,0.38268118724216293,1
0.0997576268140985,0.9217566730934015,0.7145609063277,1
0.4669267048893443,0.9998535044424033,0.7729984484632262,1
0.19310588830235842,0.6327595166621568,0.6221567869019606,1
0.46572389324222085,0.5958740681776366,0.4736675579098257,1
0.5323021860627422,0.5515096842263755,0.2701032450449,1
0.24394372031933864,0.9639574573817538,0.7938199114139658,1
0.5729822354659164,0.7745455301522534,0.751956612250666,1
0.5043738531174525,0.4921616908390849,0.3485766881071517,1
0.5285492405763778,0.5350704684277361,0.31698488062675834,1
0.33909034457897125,0.4184195672956077,0.023186729441693477,1
0.07843137254901966,0.4268293107510859,0.24364777924272818,1
0.6986979962548611,0.6480686869511965,0.3162040896173545,1
0.8155765984876037,0.9831490008718691,0.5332523623457985,1
0.3808437756511126,0.9582832952193738,0.7268400569598716,1
0.09832082978792611,0.44588170165174235,0.42412232225387625,1
0.41437984532744454,0.8540473698846536,0.7972793072622415,1
0.3002072701198667,0.6771059528054527,0.8877551020408162,1
0.5068154714276153,0.5515154654931635,0.28778790417947786,1
0.7388698954704166,0.9893344667918365,0.2137512486667564,1
0.7876744995847526,0.6009415578231482,0.1585267690951013,1
0.912292291268976,0.7595385161470811,0.8818580305689399,1
0.5209108811433847,0.7546463842626246,0.7638955624849568,1
0.3697097365830302,0.750035165446494,0.1526037217253516,1
0.46838012147795016,0.6786364588575111,0.7297948570160459,1
0.7710156894490309,0.7890074478954685,0.49687878112716255,1
0.8215498697715339,0.7624506508239332,0.6908846580771677,1
0.31002739314781214,0.5166361642691241,0.1371251385754742,1
0.3124354105041445,0.4755408667929608,0.37260539478848576,1
0.5034010340134861,0.5968471065933,0.6177956473682407,1
0.9676159494718507,0.7452614404158636,0.7011779959741816,1
0.5525223528877319,0.9777342033118135,0.6352089793971457,1
0.9386851361352807,0.5233531952151328,0.44277704567182674,1
0.9380597487483752,0.8790275818653388,0.9388566085784861,1
0.3525405440896534,0.757363962614372,0.5644484470224116,1
0.5368792097481585,0.551010434490229,0.32191735466438565,1
0.08366478042925302,0.7334078294823974,0.6220820267817222,1
0.5771153538158529,0.8354648626579884,0.35444136341983906,1
0.3583124315301255,0.9206738199243198,0.48502755928388014,1
0.5828425313812022,0.9373994362681746,0.11967656425684677,1
0.36899215747003544,0.4493651197361006,0.29946280167098027,1
0.2535458330700101,0.7572651099582803,0.7033221276985927,1
0.9087837817754071,0.8447121027208915,0.5534450271470609,1
0.6958884550190186,0.8705540161961045,0.16028661925830476,1
0.39781886493156304,0.5611767145793463,0.3587249841432534,1
0.4015002744106839,0.42950212699382384,0.8016768144925945,1
0.31453547077675303,0.47549210557283494,0.3836432237416063,1
0.9292378640434379,0.5290550645984201,0.3035798771158561,1
0.08009945604137086,0.6321590081305375,0.5425910335753469,1
0.7063992978180141,0.8934177447032774,0.14674858317107922,1
0.5832452876062685,0.6790258805934186,0.7195893618485038,1
0.30231352161233616,0.45151804924883854,0.17051614616111777,1
0.20027242807844692,0.9644923898488078,0.9074543963264903,1
0.3900336613450959,0.4623590505932117,0.7980030105062741,1
0.22597608283370008,0.8951667359255113,0.22129235456282087,1
0.22934141822907284,0.8543621254679801,0.2323497304979556,1
0.31535845003159746,0.829812673362428,0.4249790843024828,1
0.8867798171043823,0.6002587124064171,0.3196993199082747,1
0.15155809574667245,0.5696685899630589,0.20031261665937294,1
0.07731211242829605,0.8219696952345501,0.1262242284465886,1
0.4460230835395692,0.8201561251655676,0.5069329746219466,1
0.46526998364463557,0.49152589419597703,0.4968407762978177,1
0.0779681644424054,0.8354137067859986,0.5225201875441824,1
0.7843137254901961,0.7064106267170591,0.6798233729371597,1
0.6356358257499362,0.9912887261462531,0.08188361044310025,1
0.6098472966302584,0.8178168818451668,0.3141241562927452,1
0.492766767648391,0.5356731334192079,0.4047719096906093,1
0.3779426785218033,0.9043471105623069,0.46571553640182795,1
0.4795557036765271,0.7624091469214791,0.37056269230454897,1
0.37453609872509064,0.5453961145346433,0.11510939766714594,1
0.03956447478473124,0.6319436079839562,0.5140510977926108,1
0.3654035975608142,0.4294468581793207,0.7531488841357543,1
0.564411306545931,0.508985732255011,0.7942634846618869,1
0.5244167093967855,0.6634161753375709,0.7992164557965479,1
0.4281846573849488,0.4925449733834997,0.12315853144407715,1
0.8389568230296959,0.888680803556207,0.04576071487675104,1
0.40563415081287524,0.7621848754528272,0.203862047581416,1
0.2254920588967354,0.895836245994521,0.12074791742469518,1
0.2313359021943513,0.6047783178761604,0.5455432672296446,1
0.08860471363188371,0.521627447726485,0.7435906664537013,1
0.277134040898216,0.4105283239617755,0.42560922415281915,1
0.3417075466254451,0.5515805538656875,0.2685007654480719,1
0.30284400779101806,0.9412975072040497,0.2818289263924414,1
0.27125927315848497,0.60465266589201,0.583633422180119,1
0.08175736724114635,0.8220166277193337,0.11570664753670327,1
0.17301786403286967,0.522737229870318,0.2916816368256411,1
0.26251439996104153,0.7713777136329042,0.4435294007919973,1
0.9394296669904859,0.599871857220386,0.40989479073829366,1
0.6930084817840504,0.48263003519291947,0.2875492338877966,1
0.34133712325261645,0.6178306033557539,0.6637073011764799,1
0.9104143295559038,0.8792681506288118,0.9395759536697188,1
0.7744185200613746,0.8355576118586463,0.31661256086900597,1
0.8266246103334435,0.9845795107570787,0.46724518593797254,1
0.6367430537078096,0.8330596157838761,0.8357121394345933,1
0.8756363633377854,0.9050729794605454,0.6573246753440981,1
0.23293686131739366,0.6219413838065417,0.49464671909110763,1
0.8646158683594981,0.791809921643944,0.7562816055792,1
0.3480125183829875,0.40643402698249587,0.03372764956413474,1
0.5921025590299613,0.762750604149641,0.6243673354995387,1
