Num_Transactions,Spending_Score,Age,Income,Target
0.43877551020408156,0.3347838054927739,56.0,54674.0,0
0.48979591836734687,0.7861936656024143,69.0,55854.0,0
0.7551020408163265,0.7088489120204664,46.0,66271.0,1
0.6122448979591836,0.7899178506667246,32.0,93688.0,1
0.673469387755102,0.5181196366781662,60.0,58518.0,0
0.05102040816326531,0.4409211103207919,25.0,30267.0,0
0.08163265306122448,0.14768666077342812,38.0,110825.0,0
0.05102040816326531,0.3287281630699945,56.0,21062.0,0
0.7346938775510203,0.43473117772773673,36.0,70448.0,0
0.9591836734693877,0.0887364633460034,40.0,115462.0,0
0.31632653061224486,0.22096803602694484,28.0,26229.0,0
0.4081632653061224,0.5992108200330024,28.0,76793.0,1
0.7653061224489796,0.7368777349377783,41.0,67915.0,1
0.07142857142857142,1.0,53.0,24632.0,0
0.7244897959183673,0.934657081272986,57.0,23596.0,0
0.5,0.6436246355725085,41.0,26168.0,0
0.9285714285714285,0.42193857638116655,20.0,27561.0,0
0.6224489795918366,0.6372261528810188,39.0,93794.0,1
0.846938775510204,0.7869495644801607,19.0,102152.0,1
0.6224489795918366,0.11852179104946205,41.0,46734.0,0
0.061224489795918366,0.4105765048947769,61.0,26371.0,0
0.7551020408163265,0.8411904956362822,47.0,46069.0,0
0.846938775510204,0.3844611078892569,55.0,99905.0,0
0.8061224489795917,0.5728138694142288,19.0,32910.0,0
0.030612244897959183,0.5887374578647946,38.0,93479.0,1
0.05102040816326531,0.18477210194985075,50.0,97735.0,0
0.5816326530612245,0.3628275967772487,29.0,101264.0,0
0.21428571428571425,0.33505723055167363,39.0,43275.0,0
0.2551020408163265,0.026228721605088,61.0,92274.0,0
0.020408163265306124,0.024220434927600013,42.0,101449.0,0
0.4081632653061224,0.8330717430706203,66.0,80004.0,1
0.6020408163265305,0.27351433681529647,44.0,82981.0,0
0.13265306122448978,0.5189306961784349,59.0,104659.0,1
0.7551020408163265,0.29921186428707924,45.0,74553.0,0
0.8265306122448979,0.9422356066458945,33.0,68447.0,1
0.11224489795918367,0.2597173257798622,32.0,54529.0,0
0.8775510204081631,0.4303613523643196,64.0,95703.0,0
0.11224489795918367,0.8741733480204784,68.0,96090.0,1
0.12244897959183672,0.8433253294192468,61.0,37260.0,0
0.24489795918367346,0.18639997564513608,69.0,23812.0,0
0.44897959183673464,0.8039695796004296,20.0,48024.0,0
0.18367346938775508,0.45893898306617065,54.0,78656.0,0
0.5510204081632653,0.48376227743772904,68.0,47285.0,0
0.44897959183673464,0.13369081567027505,24.0,112436.0,0
0.07142857142857142,0.08072421405227562,38.0,21605.0,0
0.9387755102040816,0.729141052878992,26.0,91158.0,1
0.5306122448979591,0.4972770479530258,56.0,92303.0,0
0.5510204081632653,0.4375672337160683,35.0,47139.0,0
0.31632653061224486,0.7307125897889102,21.0,97149.0,1
0.510204081632653,0.7667772762148628,42.0,76138.0,1
0.43877551020408156,0.15916139711331853,31.0,96125.0,0
0.8265306122448979,0.6112306779733162,67.0,33918.0,0
0.7040816326530611,0.13556804948065737,26.0,105655.0,0
0.173469387755102,0.7526158969707547,43.0,47446.0,0
0.836734693877551,0.6580385788842661,19.0,33046.0,0
0.21428571428571425,0.9581975452489508,37.0,44818.0,0
0.36734693877551017,0.06906130813736548,45.0,24324.0,0
0.9693877551020408,0.057138171361736996,64.0,96323.0,0
0.5612244897959183,0.28264579741259716,24.0,29111.0,0
0.5918367346938775,0.2621302660803206,61.0,58110.0,0
0.020408163265306124,0.24737883321234969,25.0,36389.0,0
0.2755102040816326,0.9077535596716371,64.0,61427.0,1
0.7448979591836734,0.24995051358324183,52.0,99579.0,0
0.346938775510204,0.2723913842394988,31.0,48746.0,0
0.6122448979591836,0.7606524471706134,34.0,107886.0,1
0.9387755102040816,0.450477858423628,53.0,20117.0,0
0.5408163265306122,0.7779935995245945,67.0,104471.0,1
0.6326530612244897,0.0654634620856605,57.0,33234.0,0
0.7959183673469387,0.48837227062311855,21.0,73441.0,0
0.9795918367346937,0.03365797645286337,19.0,20846.0,0
0.061224489795918366,0.06274598576079077,23.0,30954.0,0
0.7653061224489796,0.9079367373252238,59.0,99239.0,1
0.48979591836734687,0.1394658246993699,21.0,66514.0,0
0.9489795918367346,0.5332965187157412,46.0,108236.0,1
0.8571428571428571,0.41176920259530286,35.0,117579.0,0
0.3061224489795918,0.34791065775708385,43.0,26469.0,0
0.5816326530612245,0.9013216212989611,61.0,50105.0,0
0.6122448979591836,0.021848119987018636,51.0,62101.0,0
0.2346938775510204,0.6648845012520652,27.0,84323.0,1
0.19387755102040813,0.9649886596311434,53.0,111922.0,1
0.36734693877551017,0.5610902721367633,31.0,78067.0,1
0.030612244897959183,0.9383723947023966,48.0,69376.0,1
0.9285714285714285,0.052333333653824095,65.0,65587.0,0
0.19387755102040813,0.419479750371449,32.0,56976.0,0
0.6020408163265305,0.26057979312820334,25.0,87584.0,0
0.2346938775510204,0.7320275143138651,31.0,98477.0,1
0.5,0.9829211578039958,40.0,62533.0,1
0.48979591836734687,0.25694601755958246,57.0,21828.0,0
0.510204081632653,0.6552533891919654,38.0,21917.0,0
0.9693877551020408,0.19841618701667002,33.0,40618.0,0
0.3571428571428571,0.5662609478888497,62.0,52254.0,0
0.9897959183673468,0.464694160341573,35.0,67362.0,0
0.6632653061224489,0.9736139085273249,64.0,40128.0,0
0.7959183673469387,0.6095299710059445,41.0,79383.0,1
0.336734693877551,0.35007730916027824,43.0,85545.0,0
0.3571428571428571,0.11427431669269973,42.0,102180.0,0
0.05102040816326531,0.15148728751382928,62.0,107958.0,0
0.38775510204081626,0.22568085598075668,58.0,29865.0,0
0.4183673469387755,0.2513733428374364,46.0,22219.0,0
0.5816326530612245,0.8520222932893342,32.0,59809.0,0
0.11224489795918367,0.5621466348753587,62.0,25287.0,0
0.020408163265306124,0.5242516961142906,18.0,54387.0,0
0.173469387755102,0.11494852564084561,42.0,28512.0,0
0.39795918367346933,0.8615618037198047,24.0,21342.0,0
0.2040816326530612,0.7240075062588479,26.0,83076.0,1
0.14285714285714282,0.06776950395943372,41.0,39216.0,0
0.9795918367346937,0.7090033314823535,18.0,113070.0,1
0.9999999999999999,0.5444325855721914,61.0,99767.0,1
0.2551020408163265,0.08184991935442172,25.0,117829.0,0
0.07142857142857142,0.45905292747448634,41.0,46614.0,0
0.9489795918367346,0.4854925719058691,28.0,56258.0,0
0.8775510204081631,0.16603921514490955,68.0,113789.0,0
0.4183673469387755,0.9472628745247628,34.0,62078.0,1
0.43877551020408156,0.8513805389705034,25.0,103524.0,1
0.13265306122448978,0.6701258746975862,52.0,116573.0,1
0.7857142857142856,0.46305450606685916,52.0,32219.0,0
0.01020408163265306,0.4124402582985781,50.0,20235.0,0
0.36734693877551017,0.6520469189067324,22.0,62929.0,1
0.693877551020408,0.5463293941599359,59.0,87444.0,1
0.37755102040816324,0.062365254603708564,56.0,28567.0,0
0.4081632653061224,0.5133452838948813,58.0,90792.0,1
0.6224489795918366,0.8077361550838168,45.0,85441.0,1
0.6020408163265305,0.45999372915284026,24.0,104555.0,0
0.13265306122448978,0.05203152968303008,26.0,93698.0,0
0.8979591836734693,0.7875771902306361,25.0,25415.0,0
0.846938775510204,0.20168778072843235,29.0,56159.0,0
0.01020408163265306,0.25904027510628386,51.0,63925.0,0
0.7040816326530611,0.1649692478563678,50.0,25951.0,0
0.16326530612244897,0.3307538453173331,65.0,107388.0,0
0.8979591836734693,0.7580012785696782,40.0,28007.0,0
0.2755102040816326,0.5202399682337719,41.0,61832.0,1
0.6632653061224489,0.2052111360410603,54.0,78596.0,0
0.346938775510204,0.879281676576811,52.0,50523.0,0
0.04081632653061224,0.8810363734082906,61.0,108861.0,1
0.6530612244897959,0.8720179357099018,57.0,106740.0,1
0.39795918367346933,0.23918260598868257,39.0,35524.0,0
0.7653061224489796,0.45197985966943965,44.0,39282.0,0
0.5612244897959183,0.9866198785752708,52.0,43930.0,0
0.3571428571428571,0.7732876876615308,18.0,20077.0,0
0.44897959183673464,0.02720105237693645,52.0,40611.0,0
0.22448979591836732,0.065301626467334,54.0,36984.0,0
0.4693877551020408,0.4646930486155203,64.0,34060.0,0
0.3061224489795918,0.910724128404989,31.0,102985.0,1
0.1020408163265306,0.5395881043679088,20.0,104056.0,1
0.09183673469387754,0.4986306562031289,18.0,63303.0,0
0.673469387755102,0.10563785963143278,22.0,79207.0,0
0.13265306122448978,0.657863235548479,43.0,95046.0,1
0.8061224489795917,0.8234618679774197,31.0,49287.0,0
0.7448979591836734,0.3810424744359781,56.0,113709.0,0
0.9387755102040816,0.7768930620646425,44.0,59711.0,0
0.09183673469387754,0.9660726832674632,26.0,31954.0,0
0.7653061224489796,0.2040944627359016,32.0,93340.0,0
0.9489795918367346,0.5241903137869004,32.0,92101.0,1
0.0,0.28760493341805665,43.0,91520.0,0
0.04081632653061224,0.7941643717631232,59.0,107062.0,1
0.19387755102040813,0.5785445005453465,30.0,38574.0,0
0.07142857142857142,0.6356285471100023,68.0,29184.0,0
0.42857142857142855,0.7992325464130176,49.0,39096.0,0
0.7653061224489796,0.3966188606190199,56.0,87728.0,0
0.0,0.9166037754084133,66.0,54016.0,0
0.5714285714285714,0.533905717468541,69.0,31246.0,0
0.6428571428571428,0.1582064631513974,49.0,65558.0,0
0.846938775510204,0.6970474563702952,21.0,38381.0,0
0.2755102040816326,0.7945719814803914,47.0,56455.0,0
0.36734693877551017,0.31727803209775596,54.0,112263.0,0
0.4693877551020408,0.8585964326258069,40.0,24018.0,0
0.7653061224489796,0.9076420483477674,56.0,31302.0,0
0.36734693877551017,0.2773544045667514,62.0,87506.0,0
0.48979591836734687,0.9851492478386512,32.0,61157.0,1
0.43877551020408156,0.1409344255635413,60.0,74917.0,0
0.5612244897959183,0.20234075362239584,46.0,112738.0,0
0.2755102040816326,0.18452026897309748,53.0,116646.0,0
0.7959183673469387,0.8954682448791097,30.0,103122.0,1
0.05102040816326531,0.6553715366548059,49.0,44519.0,0
0.6122448979591836,0.15234617128972466,24.0,116809.0,0
0.19387755102040813,0.4410457381296987,68.0,107487.0,0
0.7857142857142856,0.6163120095280294,39.0,76819.0,1
0.01020408163265306,0.0835915568967498,45.0,100910.0,0
0.7346938775510203,0.8838756117068842,19.0,91324.0,1
0.36734693877551017,0.8049314058437764,59.0,25408.0,0
0.19387755102040813,0.5060372472266349,62.0,79379.0,1
0.2551020408163265,0.9687270618392161,23.0,45053.0,0
0.2857142857142857,0.41844568976797897,45.0,29446.0,0
0.0,0.9857390757062615,45.0,20922.0,0
0.346938775510204,0.6690216986870096,61.0,118723.0,1
0.7040816326530611,0.6357175509269711,61.0,71356.0,1
0.5918367346938775,0.16621987091089954,37.0,30789.0,0
0.693877551020408,0.8833861871413358,47.0,117720.0,1
0.32653061224489793,0.4281906151715235,28.0,86656.0,0
0.510204081632653,0.1624921780568275,45.0,64028.0,0
0.7857142857142856,0.0126168812672706,42.0,84484.0,0
0.11224489795918367,0.560677084718468,56.0,52154.0,0
0.19387755102040813,0.5282670889716639,50.0,102870.0,1
0.5306122448979591,0.7205410568200269,18.0,22336.0,0
0.8877551020408162,0.8917303676001356,44.0,87779.0,1
0.42857142857142855,0.07952729311408427,69.0,39029.0,0
0.9897959183673468,0.7327041657048856,30.0,79201.0,1
0.8979591836734693,0.18771268640909144,58.0,52265.0,0
0.5,0.8595958920079255,20.0,63872.0,1
0.2857142857142857,0.8204171544599541,56.0,66197.0,1
0.5714285714285714,0.5416835484782376,23.0,75180.0,1
0.38775510204081626,0.7114150462668126,25.0,43710.0,0
0.9591836734693877,0.3148624483846869,44.0,49486.0,0
0.5612244897959183,0.4719416332750785,26.0,91907.0,0
0.42857142857142855,0.8229948278753207,54.0,91895.0,1
0.5,0.46001909093422905,50.0,84435.0,0
0.22448979591836732,0.35838302413322926,68.0,60631.0,0
0.43877551020408156,0.49502459448759134,59.0,40103.0,0
0.37755102040816324,0.8296182047182099,61.0,84772.0,1
0.846938775510204,0.33575515060568123,41.0,34382.0,0
0.22448979591836732,0.1740395817142936,32.0,104291.0,0
0.44897959183673464,0.7131892204189375,49.0,23756.0,0
0.520408163265306,0.8273433793991144,49.0,40609.0,0
0.8061224489795917,0.10079357671395842,41.0,36478.0,0
0.5,0.24026230411396263,58.0,59666.0,0
0.07142857142857142,0.14219698833598293,69.0,95683.0,0
0.8571428571428571,0.34850974002720947,66.0,119097.0,0
0.0,0.4510900135801982,66.0,91315.0,0
0.07142857142857142,0.7500628994021172,69.0,97834.0,1
0.2857142857142857,0.6522213268738251,29.0,34153.0,0
0.9693877551020408,0.6219519374725133,56.0,96325.0,1
0.04081632653061224,0.3529506653021981,19.0,32999.0,0
0.8673469387755102,0.8428385055772691,20.0,75318.0,1
0.4693877551020408,0.4720611005487095,66.0,20814.0,0
0.336734693877551,0.9807253512288826,54.0,96077.0,1
0.6530612244897959,0.6351875339551412,66.0,110474.0,1
0.5510204081632653,0.12646355777011611,34.0,22443.0,0
0.9081632653061223,0.677293026468616,66.0,95993.0,1
0.42857142857142855,0.32563427628309916,19.0,95916.0,0
0.7448979591836734,0.687459579477657,19.0,93319.0,1
0.2959183673469387,0.06974557865390282,45.0,37368.0,0
0.8265306122448979,0.1751612924194996,40.0,35328.0,0
0.16326530612244897,0.8571520308701339,54.0,76942.0,1
0.2551020408163265,0.22754658786104645,49.0,111751.0,0
0.07142857142857142,0.8384247326728426,50.0,119131.0,1
0.4693877551020408,0.27972995885874896,18.0,47306.0,0
0.7653061224489796,0.6439418740199364,36.0,105451.0,1
0.9183673469387754,0.6952959970669788,19.0,59915.0,0
0.7244897959183673,0.5134976418119719,61.0,57219.0,0
0.8979591836734693,0.30580794408553047,43.0,100879.0,0
0.4591836734693877,0.21298717855545926,49.0,84644.0,0
0.6836734693877551,0.03323302365813332,23.0,80279.0,0
0.32653061224489793,0.3044413945224692,49.0,73028.0,0
0.0,0.6542398916642602,21.0,20126.0,0
0.18367346938775508,0.939857222053672,28.0,72329.0,1
0.3061224489795918,0.8726450365000223,34.0,47632.0,0
0.8061224489795917,0.7673300736822359,55.0,85310.0,1
0.13265306122448978,0.7897499498399284,41.0,75176.0,1
0.5306122448979591,0.6660817108569446,22.0,106066.0,1
0.47959183673469385,0.2607090748729269,69.0,64327.0,0
0.693877551020408,0.9086955774902901,51.0,88904.0,1
0.9081632653061223,0.6718386996262915,23.0,23797.0,0
0.6224489795918366,0.5613631737973903,39.0,67882.0,1
0.9285714285714285,0.11116282310908294,28.0,33718.0,0
0.6632653061224489,0.44778908532939105,65.0,54560.0,0
0.6428571428571428,0.46111398700507233,33.0,96589.0,0
0.7040816326530611,0.8659930941068984,50.0,42116.0,0
0.6326530612244897,0.5475477724726332,26.0,56244.0,0
0.7346938775510203,0.3810229834634427,23.0,21645.0,0
0.32653061224489793,0.9784169001770608,33.0,67523.0,1
0.4081632653061224,0.11089349903343118,46.0,39256.0,0
0.8979591836734693,0.42324111899062605,20.0,73173.0,0
0.47959183673469385,0.04208307183904876,37.0,57430.0,0
0.12244897959183672,0.741125810787786,53.0,59282.0,0
0.7346938775510203,0.919595237362246,36.0,83374.0,1
0.7755102040816326,0.28049246886554435,43.0,88244.0,0
0.3061224489795918,0.8597607900605843,20.0,31694.0,0
0.7551020408163265,0.2926936740876124,36.0,76264.0,0
0.6836734693877551,0.91227666780443,37.0,95060.0,1
0.9897959183673468,0.7552070264976738,49.0,117416.0,1
0.030612244897959183,0.8062368196132312,24.0,77545.0,1
0.18367346938775508,0.018024916529791192,69.0,59224.0,0
0.7040816326530611,0.9644036088950209,58.0,117945.0,1
0.9897959183673468,0.7278706238248808,50.0,33224.0,0
0.8265306122448979,0.30524743001036503,57.0,60738.0,0
0.12244897959183672,0.8307655264246944,56.0,45150.0,0
0.22448979591836732,0.28197881118696655,35.0,83731.0,0
0.836734693877551,0.8741969764225805,57.0,69688.0,1
0.7551020408163265,0.11275639620976542,18.0,119929.0,0
0.0,0.704847295556902,28.0,93509.0,1
0.8877551020408162,0.5415881113183962,45.0,28577.0,0
0.5408163265306122,0.09668372909242293,42.0,28070.0,0
0.7142857142857142,0.2422853862751454,67.0,28666.0,0
0.8979591836734693,0.012413058382401844,40.0,77761.0,0
0.8571428571428571,0.469537699364187,48.0,56368.0,0
0.14285714285714282,0.3017557848559574,47.0,26783.0,0
0.6530612244897959,0.5993432306145646,59.0,61914.0,1
0.7653061224489796,0.29772161845401685,52.0,90507.0,0
0.7142857142857142,0.3004073917104065,24.0,99026.0,0
0.14285714285714282,0.744420371307589,33.0,87526.0,1
0.2040816326530612,0.04821143099163602,43.0,90835.0,0
0.18367346938775508,0.9043883742589232,65.0,65765.0,1
0.6020408163265305,0.8536728565803114,69.0,39956.0,0
0.9387755102040816,0.6689061908905665,66.0,107895.0,1
0.8979591836734693,0.5941987553827695,19.0,66240.0,1
0.32653061224489793,0.8937782206020091,18.0,57148.0,0
0.48979591836734687,0.1856274517525155,65.0,114270.0,0
0.9693877551020408,0.07908914152358533,29.0,24757.0,0
0.346938775510204,0.2398977546122134,22.0,39097.0,0
0.43877551020408156,0.7958911049264719,54.0,30395.0,0
0.9081632653061223,0.034716404350656205,49.0,36241.0,0
0.1020408163265306,0.5837666600653381,26.0,47696.0,0
0.9999999999999999,0.997085154135259,58.0,90480.0,1
0.7244897959183673,0.8571107971839466,52.0,66163.0,1
0.7857142857142856,0.5223032312976915,36.0,39816.0,0
0.7448979591836734,0.06373533799624727,65.0,69840.0,0
0.6632653061224489,0.8327476744904614,33.0,72853.0,1
0.4591836734693877,0.599965289677035,20.0,44917.0,0
0.08163265306122448,0.11511292441102917,37.0,116731.0,0
0.020408163265306124,0.09400208112730979,41.0,41566.0,0
0.8571428571428571,0.9111314197630856,50.0,95452.0,1
0.2551020408163265,0.6703040968902708,41.0,82823.0,1
0.7244897959183673,0.8306574810818237,69.0,40806.0,0
0.47959183673469385,0.8804324136755274,28.0,95520.0,1
0.6632653061224489,0.5727137836803565,66.0,21759.0,0
0.7040816326530611,0.5182972275246747,25.0,61949.0,1
0.2755102040816326,0.43113323445339213,53.0,112374.0,0
0.9387755102040816,0.31746325104853174,55.0,22482.0,0
0.2551020408163265,0.435308733536688,57.0,44442.0,0
0.24489795918367346,0.7751579794780031,37.0,53719.0,0
0.11224489795918367,0.6029151213988395,52.0,78066.0,1
0.04081632653061224,0.8939993804544801,65.0,113501.0,1
0.9897959183673468,0.44410742917212964,42.0,22079.0,0
0.47959183673469385,0.6080898805400436,52.0,22717.0,0
0.36734693877551017,0.6323482237890126,42.0,79676.0,1
0.7959183673469387,0.5926718065504857,46.0,47952.0,0
0.43877551020408156,0.703793337265006,35.0,106444.0,1
0.14285714285714282,0.23781759142933132,63.0,62460.0,0
0.42857142857142855,0.5132061811862731,35.0,110397.0,1
0.47959183673469385,0.104386880699884,19.0,92847.0,0
0.8775510204081631,0.38514061438365776,52.0,113607.0,0
0.7040816326530611,0.48846830538468894,33.0,109106.0,0
0.4591836734693877,0.6532997962436974,58.0,38449.0,0
0.42857142857142855,0.9521038360678844,53.0,53536.0,0
0.2040816326530612,0.6016406360311884,50.0,84077.0,1
0.22448979591836732,0.7448217567073664,21.0,58258.0,0
0.8061224489795917,0.5070982988660213,50.0,68302.0,1
0.4693877551020408,0.6351493635154152,31.0,48865.0,0
0.14285714285714282,0.07103879870296691,38.0,26645.0,0
0.24489795918367346,0.2548039713280043,65.0,58000.0,0
0.3571428571428571,0.3624446109945105,37.0,46737.0,0
0.7551020408163265,0.47326929874790835,25.0,31485.0,0
0.510204081632653,0.04571318312302304,24.0,58565.0,0
0.14285714285714282,0.140245849192074,20.0,45522.0,0
0.6836734693877551,0.2772640746601404,34.0,85155.0,0
0.2040816326530612,0.973140481956622,50.0,75168.0,1
0.12244897959183672,0.3318876743803191,65.0,72487.0,0
0.8673469387755102,0.48283291689386315,29.0,32342.0,0
0.18367346938775508,0.19641293333406876,68.0,60806.0,0
0.336734693877551,0.6117865245687486,39.0,68770.0,1
0.7857142857142856,0.2811394314565916,39.0,98623.0,0
0.6836734693877551,0.20732595965615988,63.0,119785.0,0
0.520408163265306,0.5174220478086007,47.0,95629.0,1
0.26530612244897955,0.005503322612785532,55.0,72603.0,0
0.2857142857142857,0.0076651536551332064,55.0,101974.0,0
0.2755102040816326,0.21942232015569835,62.0,46399.0,0
0.346938775510204,0.03677091909097181,68.0,105382.0,0
0.07142857142857142,0.1081941678176678,25.0,101244.0,0
0.1530612244897959,0.339413841085864,44.0,96534.0,0
0.3571428571428571,0.8039118533208816,44.0,75106.0,1
0.2959183673469387,0.572990535550588,51.0,50678.0,0
0.173469387755102,0.5135106362476795,38.0,96218.0,1
0.01020408163265306,0.2939663847814355,47.0,83230.0,0
0.48979591836734687,0.933295203028842,50.0,94055.0,1
0.7755102040816326,0.39766517038227805,45.0,76373.0,0
0.030612244897959183,0.08722628734298968,64.0,51480.0,0
0.9081632653061223,0.6180834484689554,50.0,105230.0,1
0.8979591836734693,0.11401649623632301,22.0,88836.0,0
0.9489795918367346,0.34578694017188455,65.0,92258.0,0
0.7551020408163265,0.5082460881515926,36.0,59986.0,0
0.061224489795918366,0.8756681096888661,21.0,44160.0,0
0.9591836734693877,0.49435761764566527,52.0,105595.0,0
0.7448979591836734,0.7034177051129139,66.0,99111.0,1
0.38775510204081626,0.9944601085433225,34.0,84929.0,1
0.12244897959183672,0.1316966446056556,61.0,93506.0,0
0.3061224489795918,0.2751778206042398,45.0,54911.0,0
0.7142857142857142,0.3952221392375297,47.0,107127.0,0
0.6326530612244897,0.4225196686351214,46.0,51821.0,0
0.5612244897959183,0.41169455103072944,63.0,95039.0,0
0.4183673469387755,0.9091122427233634,23.0,80535.0,1
0.6122448979591836,0.7152112093941052,52.0,104458.0,1
0.4183673469387755,0.6089068754923805,58.0,32175.0,0
0.5612244897959183,0.30987675625697303,54.0,74771.0,0
0.3571428571428571,0.8251519040269623,41.0,106925.0,1
0.846938775510204,0.9566408451094113,46.0,86358.0,1
0.6836734693877551,0.8225554815886559,66.0,37327.0,0
0.061224489795918366,0.0015560599117592413,63.0,67057.0,0
0.5408163265306122,0.6374505317503114,48.0,26150.0,0
0.0,0.05120896472129245,52.0,24425.0,0
0.43877551020408156,0.2580249709606181,50.0,36032.0,0
0.44897959183673464,0.05961226775987138,69.0,22198.0,0
0.4693877551020408,0.6047902638013755,38.0,80500.0,1
0.12244897959183672,0.687722734206098,49.0,73394.0,1
0.21428571428571425,0.11466682304967,40.0,40079.0,0
0.2040816326530612,0.3844670488877468,50.0,56220.0,0
0.8673469387755102,0.45698535420438957,20.0,61874.0,0
0.9285714285714285,0.3696565410916512,35.0,33859.0,0
0.08163265306122448,0.12121508258062656,42.0,70460.0,0
0.2551020408163265,0.4196344789722425,59.0,51419.0,0
0.08163265306122448,0.752418530307652,48.0,28705.0,0
0.14285714285714282,0.0711143728671812,20.0,62880.0,0
0.09183673469387754,0.0803020117803901,57.0,43236.0,0
0.8877551020408162,0.3553510049898799,63.0,107955.0,0
0.4183673469387755,0.9432838175016529,41.0,105514.0,1
0.7244897959183673,0.6696754345033414,67.0,35358.0,0
0.2346938775510204,0.6797895756315343,49.0,119713.0,1
0.8061224489795917,0.3625116201387192,64.0,114914.0,0
0.48979591836734687,0.5946387086203846,39.0,96918.0,1
0.2551020408163265,0.010136417521586116,40.0,34596.0,0
0.9183673469387754,0.6371446990330768,19.0,53572.0,0
0.36734693877551017,0.9147976489603894,44.0,98757.0,1
0.6836734693877551,0.6135829112468385,59.0,21279.0,0
0.5,0.875143305130509,19.0,83197.0,1
0.2346938775510204,0.7251681900374503,43.0,82516.0,1
0.18367346938775508,0.12074772075138503,34.0,27083.0,0
0.6020408163265305,0.9039459501044061,57.0,37771.0,0
0.38775510204081626,0.06654294527023695,50.0,49975.0,0
0.7448979591836734,0.5348458873287939,26.0,65648.0,1
0.8979591836734693,0.1423623976299171,60.0,68285.0,0
0.173469387755102,0.011714470299241227,65.0,39063.0,0
0.18367346938775508,0.42272609374076997,56.0,87642.0,0
0.3571428571428571,0.29552085605943995,46.0,110093.0,0
0.7448979591836734,0.4867989525519785,59.0,106143.0,0
0.9795918367346937,0.5781503655094186,43.0,57599.0,0
0.5510204081632653,0.043800326700525034,52.0,71920.0,0
0.693877551020408,0.12319667483314135,67.0,48529.0,0
0.4693877551020408,0.5595619417951196,42.0,55954.0,0
0.48979591836734687,0.3437277237526992,41.0,47856.0,0
0.9999999999999999,0.7303772907069257,30.0,22573.0,0
0.9897959183673468,0.6533672976207833,24.0,98344.0,1
0.32653061224489793,0.8470022444575618,53.0,55367.0,0
0.2040816326530612,0.693635486932665,62.0,119608.0,1
0.8163265306122448,0.4306360741865351,37.0,80774.0,0
0.21428571428571425,0.6740767344809775,18.0,43752.0,0
0.47959183673469385,0.2758285522378529,25.0,75029.0,0
0.36734693877551017,0.30681243776841693,63.0,37685.0,0
0.14285714285714282,0.790288662992566,33.0,71693.0,1
0.346938775510204,0.44715199773219344,31.0,75961.0,0
0.9285714285714285,0.7996995043911567,29.0,96908.0,1
0.7142857142857142,0.8237816131408692,68.0,94532.0,1
0.31632653061224486,0.8589801518444541,40.0,101994.0,1
0.1020408163265306,0.9181515184779785,32.0,76133.0,1
0.09183673469387754,0.4316919744579933,45.0,117425.0,0
0.7346938775510203,0.3193866824056086,51.0,81268.0,0
0.7857142857142856,0.5831575579549103,19.0,112201.0,1
0.7755102040816326,0.37177947559326313,49.0,58243.0,0
0.5714285714285714,0.6020644415477266,40.0,77384.0,1
0.24489795918367346,0.7067503476533844,39.0,51653.0,0
0.01020408163265306,0.6895408647992239,68.0,46657.0,0
0.6428571428571428,0.37516557406132506,42.0,59952.0,0
0.346938775510204,0.16712668636665265,39.0,42180.0,0
0.061224489795918366,0.4312353324983514,39.0,117432.0,0
0.8571428571428571,0.14282017972424624,66.0,98411.0,0
0.173469387755102,0.8915690813659515,69.0,21622.0,0
0.673469387755102,0.3464423487888412,59.0,68756.0,0
0.4183673469387755,0.15470556160732415,23.0,60809.0,0
0.38775510204081626,0.02547852455834218,32.0,36725.0,0
0.4081632653061224,0.6468872517195541,60.0,81396.0,1
0.7551020408163265,0.6379523140492942,54.0,71226.0,1
0.2346938775510204,0.3411602645925622,50.0,101182.0,0
0.6020408163265305,0.07181977105117454,25.0,102565.0,0
0.4591836734693877,0.410300050038736,61.0,49402.0,0
0.18367346938775508,0.3117246085116919,61.0,24263.0,0
0.6836734693877551,0.6782376761417818,22.0,116523.0,1
0.9081632653061223,0.6067773670896838,56.0,66828.0,1
0.4183673469387755,0.3651898143439402,21.0,67924.0,0
0.31632653061224486,0.21824410461281982,23.0,94182.0,0
0.38775510204081626,0.9896712664758808,62.0,113065.0,1
0.3571428571428571,0.45474674111662367,49.0,79052.0,0
0.9795918367346937,0.6894098640859768,69.0,31664.0,0
0.3571428571428571,0.14077560078912604,47.0,55737.0,0
0.020408163265306124,0.4863874736621396,64.0,109563.0,0
0.7346938775510203,0.02757096660374905,52.0,49373.0,0
0.07142857142857142,0.5062860055249424,57.0,56397.0,0
0.9795918367346937,0.9656126709671381,69.0,106145.0,1
0.7040816326530611,0.3848354919632973,33.0,58709.0,0
0.4081632653061224,0.03904936077309539,30.0,81120.0,0
0.6836734693877551,0.030995736893877805,67.0,39250.0,0
0.12244897959183672,0.38862183987438365,59.0,41172.0,0
0.48979591836734687,0.1602800274460296,47.0,31555.0,0
0.6020408163265305,0.02337936772484922,36.0,107410.0,0
0.01020408163265306,0.7574624902209416,34.0,98617.0,1
0.6020408163265305,0.459275665491258,36.0,73276.0,0
0.04081632653061224,0.28971525914848595,45.0,77492.0,0
0.43877551020408156,0.9015718750813352,43.0,73002.0,1
0.26530612244897955,0.11632089776867356,54.0,109599.0,0
0.31632653061224486,0.9575005933068026,43.0,92355.0,1
0.2040816326530612,0.31447841349686245,40.0,111248.0,0
0.07142857142857142,0.8898728958288451,26.0,44762.0,0
0.7244897959183673,0.6039362661740464,29.0,31046.0,0
0.5,0.8280737418457305,18.0,116999.0,1
0.673469387755102,0.9856417579314452,18.0,48769.0,0
0.43877551020408156,0.28887452591075463,64.0,73302.0,0
0.5816326530612245,0.9627259453895541,51.0,43150.0,0
0.020408163265306124,0.3901194670663328,49.0,88247.0,0
0.8673469387755102,0.38614285933500586,65.0,24853.0,0
0.7040816326530611,0.340942840445173,42.0,114613.0,0
0.01020408163265306,0.5422984240691142,57.0,109399.0,1
0.8775510204081631,0.1543903329831695,62.0,41792.0,0
0.43877551020408156,0.5546228113803923,18.0,79129.0,1
0.01020408163265306,0.5425961245418447,33.0,94478.0,1
0.8163265306122448,0.7631601705185295,56.0,87298.0,1
0.346938775510204,0.835027916646581,22.0,51987.0,0
0.9897959183673468,0.4411638666542112,39.0,35850.0,0
0.8775510204081631,0.30282555367473446,46.0,32112.0,0
0.2959183673469387,0.2597555278040639,20.0,44058.0,0
0.07142857142857142,0.19493660050058886,29.0,65420.0,0
0.21428571428571425,0.05773202064797855,43.0,58890.0,0
0.43877551020408156,0.34300715029162343,33.0,86017.0,0
0.5816326530612245,0.2706865131258009,68.0,67304.0,0
0.3571428571428571,0.9680166502339037,54.0,52921.0,0
0.693877551020408,0.5586268154291056,39.0,21524.0,0
0.7755102040816326,0.3478442600347477,46.0,35048.0,0
0.9387755102040816,0.5814235267125909,31.0,55111.0,0
0.3061224489795918,0.1394170737999596,45.0,57904.0,0
0.4693877551020408,0.4447722703729194,22.0,74912.0,0
0.5510204081632653,0.6272665355619884,64.0,54008.0,0
0.8061224489795917,0.4897011201116646,66.0,20060.0,0
0.6224489795918366,0.40243687049705007,47.0,94666.0,0
0.2959183673469387,0.9954933779316789,63.0,103559.0,1
0.5510204081632653,0.881770502286706,69.0,75337.0,1
0.1530612244897959,0.6244334577093226,22.0,33350.0,0
0.11224489795918367,0.5703148006105446,29.0,44354.0,0
0.16326530612244897,0.6216834029440838,33.0,65186.0,1
0.1530612244897959,0.20163602027911828,43.0,48145.0,0
0.11224489795918367,0.3957847431465106,43.0,54020.0,0
0.07142857142857142,0.03951365372983944,65.0,106123.0,0
0.846938775510204,0.4763270697363602,38.0,95186.0,0
0.020408163265306124,0.5439180960131136,56.0,105469.0,1
0.1530612244897959,0.22811771737070116,53.0,40581.0,0
0.2959183673469387,0.9656241300843339,50.0,108929.0,1
0.22448979591836732,0.9109589242098554,47.0,43051.0,0
0.9285714285714285,0.7233353199052551,54.0,71474.0,1
0.04081632653061224,0.5342640753394687,40.0,111748.0,1
0.846938775510204,0.8714076547287415,27.0,89626.0,1
0.6530612244897959,0.13085847371137002,22.0,26960.0,0
0.2959183673469387,0.7918158387555234,53.0,55772.0,0
0.2040816326530612,0.12501722329346926,51.0,41520.0,0
0.846938775510204,0.7955228759973232,69.0,69481.0,1
0.7040816326530611,0.27621559031289417,48.0,56408.0,0
0.21428571428571425,0.8785409467771943,27.0,114006.0,1
0.8265306122448979,0.9456040608793371,36.0,77134.0,1
0.7244897959183673,0.14903234285324723,49.0,40491.0,0
0.31632653061224486,0.4634351836260654,18.0,21341.0,0
0.32653061224489793,0.9826109292107846,22.0,64623.0,1
0.1530612244897959,0.4842015723664744,62.0,110327.0,0
0.7653061224489796,0.8649753133860983,21.0,20338.0,0
0.37755102040816324,0.5897012229579236,33.0,91431.0,1
0.9897959183673468,0.37594389017483343,41.0,32254.0,0
0.13265306122448978,0.2862482732094032,33.0,71860.0,0
0.3571428571428571,0.2035501889555864,19.0,31344.0,0
0.9795918367346937,0.7630563765654146,66.0,21750.0,0
0.22448979591836732,0.3871731759951363,45.0,74756.0,0
0.6632653061224489,0.5121160517313397,49.0,87957.0,1
0.8571428571428571,0.49313448185788866,44.0,78053.0,0
0.01020408163265306,0.578229639930415,37.0,90855.0,1
0.9183673469387754,0.8670083196693573,41.0,35896.0,0
0.7346938775510203,0.982362481183362,29.0,75761.0,1
0.6530612244897959,0.40825195543524284,67.0,82552.0,0
0.7551020408163265,0.8288866570016487,52.0,97454.0,1
0.673469387755102,0.7657905298107268,50.0,110600.0,1
0.520408163265306,0.5744733111583906,50.0,47935.0,0
0.6224489795918366,0.9576291218507693,68.0,57641.0,0
0.22448979591836732,0.20079703180476685,60.0,49711.0,0
0.2551020408163265,0.10943468837584028,54.0,90342.0,0
0.6836734693877551,0.8553737796904374,29.0,32182.0,0
0.8265306122448979,0.4398701801215528,20.0,107833.0,0
0.5510204081632653,0.848369010141421,18.0,76276.0,1
0.05102040816326531,0.8945672406845244,50.0,39541.0,0
0.346938775510204,0.06255004986300264,57.0,114457.0,0
0.21428571428571425,0.8849257538516832,27.0,102310.0,1
0.42857142857142855,0.4490547030363819,60.0,64813.0,0
0.14285714285714282,0.511271673385088,61.0,57198.0,0
0.8673469387755102,0.627625322299527,46.0,28820.0,0
0.6020408163265305,0.9279151372329298,30.0,44070.0,0
0.11224489795918367,0.019136304846363045,29.0,89768.0,0
0.48979591836734687,0.47762666325128045,48.0,31122.0,0
0.4183673469387755,0.688856750286705,63.0,100559.0,1
0.37755102040816324,0.723899981814653,19.0,93543.0,1
0.8265306122448979,0.6936751578177944,68.0,103441.0,1
0.44897959183673464,0.13464756481105025,67.0,61786.0,0
0.346938775510204,0.29988299591581,52.0,114934.0,0
0.2959183673469387,0.35930181320315735,40.0,119804.0,0
0.8877551020408162,0.8057664677277364,34.0,26737.0,0
0.2959183673469387,0.27921288233977615,43.0,56062.0,0
0.7857142857142856,0.2110445332501288,25.0,74237.0,0
0.05102040816326531,0.959032332392377,46.0,71571.0,1
0.673469387755102,0.008866405150053613,43.0,45510.0,0
0.8061224489795917,0.9994724664080535,27.0,39426.0,0
0.061224489795918366,0.6779378362936719,43.0,57265.0,0
0.520408163265306,0.8298386185258753,51.0,37850.0,0
0.13265306122448978,0.29509884246880147,68.0,86150.0,0
0.7346938775510203,0.014327485615230829,58.0,107312.0,0
0.14285714285714282,0.7390878171094933,24.0,109613.0,1
0.2040816326530612,0.8355233762155151,21.0,94910.0,1
0.346938775510204,0.7416987754582689,67.0,72375.0,1
0.6632653061224489,0.14307674990761232,62.0,55435.0,0
0.9183673469387754,0.7546721550658132,28.0,116443.0,1
0.01020408163265306,0.7701928432563038,46.0,77132.0,1
0.346938775510204,0.659626580918466,53.0,98945.0,1
0.8265306122448979,0.7673813152147508,42.0,102050.0,1
0.7857142857142856,0.8473198496796571,38.0,115402.0,1
0.19387755102040813,0.6146152751203181,53.0,22983.0,0
0.8265306122448979,0.08874075477753669,27.0,117241.0,0
0.09183673469387754,0.4884289809899915,54.0,40662.0,0
0.24489795918367346,0.07776711398745316,26.0,43510.0,0
0.6632653061224489,0.40821070925512476,41.0,98187.0,0
0.24489795918367346,0.4077734396778023,52.0,60998.0,0
0.5408163265306122,0.06610822162092263,66.0,76846.0,0
0.32653061224489793,0.3493903278212429,52.0,114071.0,0
0.3571428571428571,0.11117146707153656,65.0,26640.0,0
0.9591836734693877,0.8095708009372259,53.0,64547.0,1
0.13265306122448978,0.9492560704127943,35.0,74620.0,1
0.6530612244897959,0.07242536524490807,66.0,35317.0,0
0.8061224489795917,0.9566956320884155,56.0,27564.0,0
0.5408163265306122,0.5234360267021446,49.0,47345.0,0
0.520408163265306,0.3000533690198655,41.0,114223.0,0
0.020408163265306124,0.07697854231146264,40.0,99273.0,0
0.9999999999999999,0.5014471031544271,49.0,94859.0,1
0.4081632653061224,0.7958282661455467,54.0,100765.0,1
0.05102040816326531,0.7082534636466988,29.0,94038.0,1
0.24489795918367346,0.050298078916817764,66.0,72393.0,0
0.12244897959183672,0.0730117010900511,30.0,86081.0,0
0.9897959183673468,0.40353317686440116,40.0,49430.0,0
0.07142857142857142,0.2957710588214887,42.0,95532.0,0
0.2040816326530612,0.2327600297039488,52.0,47788.0,0
0.9897959183673468,0.281461250395746,58.0,115505.0,0
0.6836734693877551,0.8048104123510279,47.0,68543.0,1
0.24489795918367346,0.9307653272024127,34.0,33919.0,0
0.7959183673469387,0.40576630495996563,66.0,89346.0,0
0.6836734693877551,0.9076097419526713,37.0,116122.0,1
0.44897959183673464,0.32201994741016526,65.0,59974.0,0
0.6020408163265305,0.47721950371355604,42.0,36371.0,0
0.11224489795918367,0.2263941107895119,39.0,65084.0,0
0.31632653061224486,0.6415319958024304,30.0,49629.0,0
0.9693877551020408,0.9806013219885804,36.0,71184.0,1
0.9285714285714285,0.6044874028974606,66.0,81916.0,1
0.12244897959183672,0.35839886928963127,53.0,93972.0,0
0.3061224489795918,0.6488856369832026,29.0,82187.0,1
0.7857142857142856,0.12311392046129976,58.0,32984.0,0
0.19387755102040813,0.8901287295243923,36.0,53039.0,0
0.173469387755102,0.5039108859022762,29.0,105431.0,1
0.9387755102040816,0.4500871077554142,26.0,103691.0,0
0.6020408163265305,0.5868297107295383,24.0,78606.0,1
0.6326530612244897,0.6258136591647718,45.0,30616.0,0
0.05102040816326531,0.07188379497374185,31.0,70072.0,0
0.31632653061224486,0.6837434198669354,48.0,44574.0,0
0.9387755102040816,0.24232330142732658,69.0,23430.0,0
0.42857142857142855,0.7151310640621192,36.0,32676.0,0
0.01020408163265306,0.8238942212505737,64.0,30816.0,0
0.6020408163265305,0.8052869696568097,33.0,52733.0,0
0.22448979591836732,0.5534102756211856,22.0,105680.0,1
0.836734693877551,0.5210253079427428,52.0,22050.0,0
0.3061224489795918,0.14310246674217064,29.0,53933.0,0
0.04081632653061224,0.7766269186469714,42.0,44951.0,0
0.836734693877551,0.271850137856832,69.0,52413.0,0
0.336734693877551,0.49751170892047075,38.0,54801.0,0
0.09183673469387754,0.2847362944919425,53.0,75619.0,0
0.8979591836734693,0.13403978698534263,40.0,52913.0,0
0.01020408163265306,0.6305954507582108,33.0,60600.0,1
0.1020408163265306,0.054410946594937525,56.0,77775.0,0
0.5,0.7498814946851833,62.0,110816.0,1
0.3061224489795918,0.31810452567862274,59.0,110093.0,0
0.5612244897959183,0.0001232633745805488,56.0,55400.0,0
0.7959183673469387,0.5119694848624676,31.0,24494.0,0
0.7346938775510203,0.04691835169742274,48.0,100688.0,0
0.8775510204081631,0.2766182499577588,22.0,109431.0,0
0.836734693877551,0.7081432904939996,52.0,94691.0,1
0.08163265306122448,0.06278246463264499,40.0,117419.0,0
0.9999999999999999,0.8407259292609086,46.0,63001.0,1
0.2040816326530612,0.0038146359279838385,60.0,87364.0,0
0.7346938775510203,0.24722364509007225,28.0,65028.0,0
0.2755102040816326,0.742127412962506,35.0,117659.0,1
0.6224489795918366,0.31678568543395047,64.0,57573.0,0
0.061224489795918366,0.10205057806174805,29.0,20806.0,0
0.8061224489795917,0.3608227375923803,26.0,76638.0,0
0.1530612244897959,0.2708323500702094,27.0,49757.0,0
0.9795918367346937,0.844104962193106,61.0,54636.0,0
0.030612244897959183,0.3138585822289592,34.0,100097.0,0
0.030612244897959183,0.7902358870220545,55.0,68280.0,1
0.39795918367346933,0.8933471499182958,24.0,44262.0,0
0.16326530612244897,0.4345288945061562,63.0,100435.0,0
0.520408163265306,0.9114482714611986,30.0,82211.0,1
0.9387755102040816,0.3779353502536669,57.0,74842.0,0
0.520408163265306,0.9656737820359012,59.0,76979.0,1
0.3571428571428571,0.08942670684228701,26.0,101470.0,0
0.37755102040816324,0.6881528029041016,67.0,58197.0,0
0.5,0.49462552359101786,44.0,61844.0,0
0.6326530612244897,0.3882833220477373,19.0,84754.0,0
0.6326530612244897,0.6337548903122491,22.0,54157.0,0
0.6224489795918366,0.7050186949601888,46.0,97129.0,1
0.9999999999999999,0.00435888862333521,54.0,60042.0,0
0.061224489795918366,0.16721972824826745,55.0,81665.0,0
0.26530612244897955,0.7142229710109864,36.0,102856.0,1
0.9285714285714285,0.6674845554656429,25.0,47376.0,0
0.8673469387755102,0.967646152942976,65.0,75554.0,1
0.13265306122448978,0.7622947079279262,62.0,34199.0,0
0.7142857142857142,0.9523458940273243,18.0,101412.0,1
0.8673469387755102,0.703699910240202,39.0,70948.0,1
0.04081632653061224,0.29853737690754345,69.0,93781.0,0
0.5510204081632653,0.10552890060439625,34.0,92750.0,0
0.01020408163265306,0.783115429270888,24.0,86262.0,1
0.6224489795918366,0.6452112979151055,42.0,66600.0,1
0.9183673469387754,0.048254679377227654,62.0,96898.0,0
0.2040816326530612,0.3606389788957907,21.0,82483.0,0
0.7959183673469387,0.9583830483498228,53.0,38297.0,0
0.2040816326530612,0.5012236088721539,23.0,50448.0,0
0.09183673469387754,0.433438796892425,48.0,46172.0,0
0.8775510204081631,0.4584508892392315,36.0,62874.0,0
0.5816326530612245,0.2092192559014105,61.0,27657.0,0
0.38775510204081626,0.36931011369761,56.0,104386.0,0
0.04081632653061224,0.370418042550279,44.0,45425.0,0
0.6530612244897959,0.05243063647917763,27.0,46685.0,0
0.12244897959183672,0.7688354307647413,43.0,44578.0,0
0.8571428571428571,0.4171870478613565,36.0,48831.0,0
0.9081632653061223,0.823538722088339,56.0,27906.0,0
0.8571428571428571,0.8517537897450709,20.0,81413.0,1
0.5306122448979591,0.21233577286359095,62.0,74028.0,0
0.8265306122448979,0.6584375687556214,30.0,27287.0,0
0.44897959183673464,0.4730573952708497,67.0,53660.0,0
0.31632653061224486,0.8816122146491082,45.0,95758.0,1
0.3571428571428571,0.21608864257955748,37.0,80504.0,0
0.8163265306122448,0.6789313911441591,45.0,79720.0,1
0.9999999999999999,0.6087535284660303,25.0,54701.0,0
0.6020408163265305,0.2957820606537843,58.0,103300.0,0
0.1020408163265306,0.13681694917730694,56.0,37674.0,0
0.6326530612244897,0.6527143228755916,18.0,103560.0,1
0.2040816326530612,0.7398169700807883,20.0,43874.0,0
0.520408163265306,0.3161418079764741,30.0,63642.0,0
0.5510204081632653,0.6458958195900146,45.0,117820.0,1
0.2551020408163265,0.3957778960993641,66.0,85160.0,0
0.6836734693877551,0.7143840717507902,42.0,37602.0,0
0.336734693877551,0.19953569214562242,50.0,108801.0,0
0.520408163265306,0.8916872454579436,55.0,45931.0,0
0.8265306122448979,0.28787702459234066,23.0,114377.0,0
0.9999999999999999,0.36838739507134477,61.0,49192.0,0
0.9387755102040816,0.05817713124825223,62.0,66542.0,0
0.520408163265306,0.11168643757594546,49.0,62520.0,0
0.2857142857142857,0.5167101373681537,62.0,84772.0,1
0.37755102040816324,0.2680270720850222,64.0,78762.0,0
0.4183673469387755,0.8368612313129569,38.0,70106.0,1
0.2040816326530612,0.014706226875303895,33.0,101121.0,0
0.4183673469387755,0.3797143053631687,38.0,45559.0,0
0.12244897959183672,0.337896212995845,28.0,53742.0,0
0.6428571428571428,0.01934819394379733,54.0,89669.0,0
0.16326530612244897,0.12456405419785208,53.0,100199.0,0
0.08163265306122448,0.4143205206211634,52.0,41754.0,0
0.4081632653061224,0.4936744849358912,36.0,23972.0,0
0.0,0.40495200258766645,37.0,90831.0,0
0.01020408163265306,0.5318110428375047,35.0,61873.0,1
0.6020408163265305,0.5961120441295693,64.0,114661.0,1
0.47959183673469385,0.009928708969023476,58.0,29903.0,0
0.2857142857142857,0.46485710426553134,66.0,23020.0,0
0.9795918367346937,0.9650936410071419,31.0,61755.0,1
0.09183673469387754,0.5198857994788839,32.0,105956.0,1
0.5816326530612245,0.6786600066758341,48.0,106988.0,1
0.6020408163265305,0.3123720487856672,18.0,65648.0,0
0.2040816326530612,0.7752698881304122,20.0,29516.0,0
0.2755102040816326,0.7741982084465658,33.0,22396.0,0
0.7551020408163265,0.5221533404714152,40.0,104082.0,1
0.336734693877551,0.9776290839221802,28.0,39129.0,0
0.07142857142857142,0.12574783992548064,29.0,21591.0,0
0.5918367346938775,0.016964260756866478,27.0,31303.0,0
0.8673469387755102,0.7714303322400874,49.0,50561.0,0
0.7244897959183673,0.8084893285894866,33.0,91719.0,1
0.48979591836734687,0.12039594807514223,25.0,112108.0,0
0.7959183673469387,0.266013878112534,55.0,119616.0,0
0.16326530612244897,0.017569967204164108,29.0,106231.0,0
0.6020408163265305,0.2937858719582722,41.0,27314.0,0
0.8775510204081631,0.7744189678600197,45.0,39623.0,0
0.8877551020408162,0.51881226056072,25.0,87675.0,1
0.44897959183673464,0.34866417861819826,45.0,116826.0,0
0.836734693877551,0.37234729197847805,53.0,85082.0,0
0.693877551020408,0.0013442279211900781,43.0,103624.0,0
0.31632653061224486,0.3002886101014071,25.0,53130.0,0
0.43877551020408156,0.6475246678100081,67.0,71756.0,1
0.6530612244897959,0.9758066717406365,45.0,117624.0,1
0.8775510204081631,0.8484611362274319,45.0,46292.0,0
0.07142857142857142,0.023622640878731258,54.0,106206.0,0
0.7755102040816326,0.9000467587579896,58.0,89274.0,1
0.7244897959183673,0.7844922704581645,53.0,22469.0,0
0.8775510204081631,0.7816652762634341,44.0,73947.0,1
0.42857142857142855,0.458747536741548,34.0,42534.0,0
0.0,0.39865707274748835,26.0,83620.0,0
0.510204081632653,0.3034090040899,50.0,68874.0,0
0.2346938775510204,0.06579271138709562,37.0,69708.0,0
0.9999999999999999,0.22860415425216946,30.0,94553.0,0
0.2346938775510204,0.24700304375836474,45.0,88344.0,0
0.16326530612244897,0.4848723223141877,65.0,69138.0,0
0.04081632653061224,0.7486786654995284,46.0,74302.0,1
0.19387755102040813,0.4745879665652635,30.0,67638.0,0
0.2040816326530612,0.05792921605359573,63.0,98249.0,0
0.5816326530612245,0.9593746840578894,52.0,22719.0,0
0.3061224489795918,0.9442840895529293,23.0,42890.0,0
0.1020408163265306,0.7864867193168879,35.0,97236.0,1
0.520408163265306,0.9929686892027048,68.0,56509.0,0
0.14285714285714282,0.5453782747733014,22.0,62534.0,1
0.836734693877551,0.9643615320531452,64.0,112241.0,1
0.061224489795918366,0.07571941230438882,42.0,38787.0,0
0.2755102040816326,0.36627864635856483,19.0,68845.0,0
0.510204081632653,0.2257453012812175,27.0,77932.0,0
0.5816326530612245,0.19614786362124406,47.0,112124.0,0
0.04081632653061224,0.1410259987966155,67.0,111659.0,0
0.04081632653061224,0.6234394870260436,62.0,53062.0,0
0.9489795918367346,0.7826125848781558,22.0,95713.0,1
0.9693877551020408,0.5792507093030421,50.0,107263.0,1
0.07142857142857142,0.14719602718052954,18.0,115756.0,0
0.6428571428571428,0.8124641757941703,35.0,80461.0,1
0.09183673469387754,0.6370031241892581,49.0,95418.0,1
0.37755102040816324,0.38880108433941146,64.0,86672.0,0
0.9693877551020408,0.6752423473462086,66.0,54832.0,0
0.9285714285714285,0.2603265599978167,28.0,51966.0,0
0.8163265306122448,0.3457559543000898,38.0,92545.0,0
0.9591836734693877,0.9190035436437451,43.0,32987.0,0
0.07142857142857142,0.2909770926939343,42.0,57311.0,0
0.24489795918367346,0.47076003617686446,39.0,51575.0,0
0.7346938775510203,0.8916132570920157,44.0,83852.0,1
0.6632653061224489,0.7088893949156098,66.0,21007.0,0
0.7959183673469387,0.06229525840421484,30.0,90981.0,0
0.5,0.14753692917426225,50.0,96242.0,0
0.673469387755102,0.007843007748977364,51.0,67517.0,0
0.48979591836734687,0.6319618178991184,58.0,49257.0,0
0.3571428571428571,0.44840799687855226,52.0,107272.0,0
0.6836734693877551,0.13448701913739766,18.0,62207.0,0
0.7857142857142856,0.9595192446931864,38.0,33281.0,0
0.4081632653061224,0.5305309581522001,65.0,81246.0,1
0.8979591836734693,0.2422848512388292,23.0,21435.0,0
0.6224489795918366,0.5014263717390842,45.0,118875.0,1
0.09183673469387754,0.6807415358733558,34.0,111357.0,1
0.2040816326530612,0.07635464676971689,22.0,46660.0,0
0.3571428571428571,0.2751500639421023,48.0,25084.0,0
0.11224489795918367,0.8082989653206347,22.0,102197.0,1
0.9183673469387754,0.46041943037789756,55.0,33507.0,0
0.01020408163265306,0.5474765758371551,20.0,92595.0,1
0.12244897959183672,0.4335258078792054,40.0,103807.0,0
0.5306122448979591,0.043961465188905896,54.0,65539.0,0
0.31632653061224486,0.166014413528841,54.0,27491.0,0
0.9591836734693877,0.4462726567406145,27.0,70192.0,0
0.1530612244897959,0.209522501942997,27.0,100395.0,0
0.31632653061224486,0.050050684417556786,36.0,83888.0,0
0.31632653061224486,0.8450442872371255,34.0,93609.0,1
0.9897959183673468,0.9828164221778625,38.0,29077.0,0
0.1020408163265306,0.7944533075508177,31.0,40953.0,0
0.09183673469387754,0.8551964393234344,26.0,96919.0,1
0.14285714285714282,0.24236882718932645,63.0,87889.0,0
0.16326530612244897,0.9622165878613983,18.0,43821.0,0
0.39795918367346933,0.19724230522624614,68.0,57567.0,0
0.173469387755102,0.9530040919804095,62.0,44860.0,0
0.5510204081632653,0.996465901396951,30.0,41195.0,0
0.7346938775510203,0.7128975204094047,21.0,97475.0,1
0.24489795918367346,0.9827675434653612,18.0,110874.0,1
0.5918367346938775,0.5704774897301302,66.0,107266.0,1
0.7857142857142856,0.25996275852053646,57.0,41427.0,0
0.8979591836734693,0.4377126587717422,49.0,47083.0,0
0.21428571428571425,0.5945386863412206,51.0,107046.0,1
0.2959183673469387,0.07319172733504271,45.0,77372.0,0
0.846938775510204,0.6233689927661481,48.0,64064.0,1
0.8571428571428571,0.9828017052853163,25.0,27813.0,0
0.43877551020408156,0.19041288555972652,56.0,51598.0,0
0.31632653061224486,0.7939046367866246,43.0,113106.0,1
0.510204081632653,0.9094005136648365,51.0,47082.0,0
0.4591836734693877,0.9452629922939588,20.0,49241.0,0
0.2040816326530612,0.9617243976884805,67.0,116214.0,1
0.9999999999999999,0.5223172042282541,29.0,64569.0,1
0.31632653061224486,0.9789253257407639,18.0,31745.0,0
0.9489795918367346,0.7585609113134053,61.0,46029.0,0
0.38775510204081626,0.16192927176580033,22.0,33025.0,0
0.11224489795918367,0.4776833958114121,47.0,34288.0,0
0.4693877551020408,0.7195169055087486,47.0,109186.0,1
0.173469387755102,0.24774095257071743,34.0,26540.0,0
0.2040816326530612,0.6416713691098507,65.0,117768.0,1
0.12244897959183672,0.6676999794261012,64.0,101958.0,1
0.2040816326530612,0.16295929342050366,40.0,88878.0,0
0.07142857142857142,0.5660155974766432,32.0,61846.0,1
0.4591836734693877,0.7729014796323441,54.0,95932.0,1
0.061224489795918366,0.4997156182154125,38.0,37482.0,0
0.22448979591836732,0.012111637279294872,31.0,43411.0,0
0.9693877551020408,0.00904188112955392,19.0,70975.0,0
0.7551020408163265,0.3576128210648798,28.0,80545.0,0
0.8673469387755102,0.9277262846606475,68.0,98797.0,1
0.21428571428571425,0.22904630615739435,56.0,72307.0,0
0.8979591836734693,0.6354094538331451,55.0,23093.0,0
0.21428571428571425,0.2224343942099642,51.0,97258.0,0
0.9285714285714285,0.3221945263427121,55.0,42042.0,0
0.2857142857142857,0.8494440345090096,67.0,72930.0,1
0.12244897959183672,0.7300647252799954,51.0,64413.0,1
0.8265306122448979,0.09554664396025926,35.0,113623.0,0
0.01020408163265306,0.429404969072038,47.0,117883.0,0
0.2857142857142857,0.029206732495784413,32.0,53756.0,0
0.8571428571428571,0.4816800869335197,44.0,73268.0,0
0.7959183673469387,0.6635265670074431,68.0,59214.0,0
0.520408163265306,0.1186885011504,51.0,101871.0,0
0.26530612244897955,0.28935482628024045,69.0,48602.0,0
0.5,0.3984881241438241,55.0,73331.0,0
0.9591836734693877,0.9210521342753346,50.0,68901.0,1
0.7959183673469387,0.9948990153623074,41.0,119986.0,1
0.22448979591836732,0.044974507368675094,32.0,83416.0,0
0.8877551020408162,0.7622647913877217,47.0,52196.0,0
0.43877551020408156,0.37233203809013904,59.0,25626.0,0
0.7755102040816326,0.3931007195653253,68.0,27424.0,0
0.21428571428571425,0.7555106014340564,34.0,32857.0,0
0.42857142857142855,0.9199457005224367,22.0,39982.0,0
0.36734693877551017,0.9525020406457703,46.0,96961.0,1
0.6122448979591836,0.5780729359608678,21.0,21980.0,0
0.9795918367346937,0.35770478944209555,27.0,68290.0,0
0.5612244897959183,0.7888501951425968,34.0,46431.0,0
0.020408163265306124,0.25140812263731616,27.0,104976.0,0
0.6326530612244897,0.5650026281514853,34.0,102711.0,1
0.18367346938775508,0.35916452083958733,37.0,46385.0,0
0.22448979591836732,0.6577139561126645,41.0,58158.0,0
0.2857142857142857,0.24078797903944937,22.0,43019.0,0
0.2959183673469387,0.19190065734661318,51.0,38639.0,0
0.38775510204081626,0.9197580427668096,23.0,105530.0,1
0.24489795918367346,0.10196172508295359,19.0,119911.0,0
0.07142857142857142,0.5067896334484175,30.0,41563.0,0
0.5816326530612245,0.22120926771803537,60.0,59341.0,0
0.1530612244897959,0.038983201426536995,60.0,25776.0,0
0.7244897959183673,0.03606720381254174,65.0,56444.0,0
0.0,0.17550219465273817,28.0,88916.0,0
0.04081632653061224,0.8682035175074505,68.0,28711.0,0
0.020408163265306124,0.28293795287916107,64.0,94318.0,0
0.6530612244897959,0.9520318342370477,40.0,102970.0,1
0.030612244897959183,0.5825801434610409,33.0,105553.0,1
0.9999999999999999,0.43733032662703325,48.0,50707.0,0
0.9693877551020408,0.581044129023792,28.0,59110.0,0
0.6428571428571428,0.5175480142125249,33.0,81788.0,1
0.9897959183673468,0.7600294016854272,25.0,102879.0,1
0.8979591836734693,0.2829553037489745,21.0,58827.0,0
0.09183673469387754,0.35362723619026726,57.0,25655.0,0
0.2040816326530612,0.8955730117494867,21.0,64859.0,1
0.4591836734693877,0.9480225047933628,42.0,73625.0,1
0.9183673469387754,0.8940343762233851,20.0,72098.0,1
0.26530612244897955,0.4201355165303866,49.0,35251.0,0
0.6632653061224489,0.7816546379959458,20.0,20526.0,0
0.4081632653061224,0.47711808189244126,44.0,88760.0,0
0.12244897959183672,0.49835754582558095,46.0,67837.0,0
0.08163265306122448,0.20500963562608365,49.0,31536.0,0
0.3571428571428571,0.5921040026068688,67.0,48541.0,0
0.8673469387755102,0.18643451302667022,68.0,99083.0,0
0.9081632653061223,0.33210572921460607,36.0,71027.0,0
0.5816326530612245,0.8564437949924126,38.0,54531.0,0
0.5408163265306122,0.2074093291657369,22.0,28712.0,0
0.11224489795918367,0.07126524457649475,35.0,85455.0,0
0.8163265306122448,0.06911096703228779,45.0,94744.0,0
0.7857142857142856,0.9423410575169201,59.0,25109.0,0
0.13265306122448978,0.5077537681143426,39.0,69268.0,1
0.336734693877551,0.410082865538722,38.0,74615.0,0
0.5306122448979591,0.8122185781638636,23.0,102503.0,1
0.19387755102040813,0.8372075097312842,18.0,49759.0,0
0.7551020408163265,0.33273310729754174,22.0,105708.0,0
0.1530612244897959,0.6947625933814081,58.0,80112.0,1
0.9591836734693877,0.7723965442308247,29.0,46589.0,0
0.7040816326530611,0.6557302681692926,43.0,50015.0,0
0.5612244897959183,0.15183611406941466,63.0,49009.0,0
0.836734693877551,0.8773314365017559,51.0,103309.0,1
0.5816326530612245,0.5399815138330852,66.0,82046.0,1
0.030612244897959183,0.2829316247413361,31.0,46143.0,0
0.030612244897959183,0.4259253429962531,43.0,26154.0,0
0.19387755102040813,0.037622063398184476,62.0,41804.0,0
0.09183673469387754,0.12806828789692537,44.0,61688.0,0
0.2346938775510204,0.7668111841666287,26.0,84288.0,1
0.9999999999999999,0.0,43.0,71195.0,0
0.2551020408163265,0.4172485467815596,64.0,40581.0,0
0.36734693877551017,0.5233694977385853,39.0,72648.0,1
0.8571428571428571,0.054713835818038375,64.0,50087.0,0
0.5408163265306122,0.9746885301711038,47.0,69930.0,1
0.2040816326530612,0.2264906048011232,60.0,52981.0,0
0.7448979591836734,0.3046941335068748,65.0,89298.0,0
0.37755102040816324,0.304437499054233,34.0,66167.0,0
0.4591836734693877,0.2307890888765741,43.0,95304.0,0
0.030612244897959183,0.0014646246470375814,53.0,63408.0,0
0.6020408163265305,0.7305488827958782,18.0,59499.0,0
0.5714285714285714,0.9684454777887339,25.0,72269.0,1
0.44897959183673464,0.22465570333409726,66.0,58559.0,0
0.19387755102040813,0.6641407692180453,52.0,94319.0,1
0.16326530612244897,0.7431213377826633,69.0,115317.0,1
0.7142857142857142,0.849827962902259,32.0,116347.0,1
0.030612244897959183,0.42332202232542016,64.0,68787.0,0
0.9387755102040816,0.3034242061953154,39.0,55488.0,0
0.13265306122448978,0.3258257134494923,31.0,94441.0,0
0.020408163265306124,0.7137975455146732,43.0,94663.0,1
0.8877551020408162,0.8181292998315971,45.0,42431.0,0
0.8061224489795917,0.1819050454370898,40.0,81681.0,0
0.5816326530612245,0.37154767456789906,31.0,83483.0,0
0.5510204081632653,0.9034319842651538,41.0,69153.0,1
0.030612244897959183,0.8080265407833432,19.0,26368.0,0
0.2346938775510204,0.9864884064109715,62.0,47424.0,0
0.336734693877551,0.7554938599091516,43.0,65004.0,1
0.2959183673469387,0.3938389628917342,31.0,103869.0,0
0.8265306122448979,0.591610712447311,68.0,108652.0,1
0.18367346938775508,0.6621044429638501,24.0,76985.0,1
0.3061224489795918,0.07857493995503746,20.0,70069.0,0
0.6020408163265305,0.5453929254574494,64.0,72326.0,1
0.6020408163265305,0.7104915392865695,40.0,101061.0,1
0.18367346938775508,0.1675885572791361,63.0,43398.0,0
0.48979591836734687,0.781921296166713,60.0,118393.0,1
0.6326530612244897,0.5847342156277759,64.0,70861.0,1
0.836734693877551,0.9537973874577087,62.0,95897.0,1
0.21428571428571425,0.04248135767129353,35.0,101905.0,0
0.2346938775510204,0.2657567548245243,55.0,88577.0,0
0.913907073611582,0.6142568875746824,43.0,40581.0,1
0.2040816326530612,0.9666093797870399,43.0,40581.0,1
0.9743691080139824,0.9730308972707742,43.0,40581.0,1
0.8265306122448979,0.9429726739029023,43.0,40581.0,1
0.7630512560275365,0.730684012278154,43.0,40581.0,1
0.30489659519170814,0.9917151003110638,43.0,40581.0,1
0.7394120692088532,0.8184322292155811,43.0,40581.0,1
0.8057643241937417,0.5072606048192307,43.0,40581.0,1
0.5184282824865404,0.9669333793156466,43.0,40581.0,1
0.7224437259657532,0.8115556588143726,43.0,40581.0,1
0.48141852535382945,0.879958997510684,43.0,40581.0,1
0.6444605842109488,0.5931865333608115,43.0,40581.0,1
0.6866496210829153,0.8066548106164316,43.0,40581.0,1
0.3282240248460042,0.7451595056885896,43.0,40581.0,1
0.12280484711043856,0.6677845825645049,43.0,40581.0,1
0.10989678809786625,0.8719899145644848,43.0,40581.0,1
0.13273677081178747,0.5191476599355764,43.0,40581.0,1
0.846938775510204,0.7892680288565518,43.0,40581.0,1
0.13811700316131884,0.7930774603932023,43.0,40581.0,1
0.6313356893317482,0.636634343468643,43.0,40581.0,1
0.13265306122448978,0.5172191651598979,43.0,40581.0,1
0.7668141478909609,0.8359391135298073,43.0,40581.0,1
0.3395898750435557,0.6576926947849626,43.0,40581.0,1
0.9874998119332562,0.6498327801030631,43.0,40581.0,1
0.13263128127942594,0.6701206967827434,43.0,40581.0,1
0.1090831746972813,0.6081961861361781,43.0,40581.0,1
0.5356623787073354,0.795280187432231,43.0,40581.0,1
0.7346938775510203,0.9124519185316443,43.0,40581.0,1
0.9499841720143561,0.8066043080438978,43.0,40581.0,1
0.5079692548660769,0.8239461830618078,43.0,40581.0,1
0.4183673469387755,0.930196111901529,43.0,40581.0,1
0.6695315175662816,0.8241696956958152,43.0,40581.0,1
0.6925430956160836,0.9091639004119517,43.0,40581.0,1
0.8130275719519431,0.9776702194075533,43.0,40581.0,1
0.49805273044735954,0.7757942711496719,43.0,40581.0,1
0.9897959183673468,0.7584719199500451,43.0,40581.0,1
0.32653061224489793,0.9789553515090937,43.0,40581.0,1
0.9001069729439144,0.5968463436943676,43.0,40581.0,1
0.8701370554403116,0.7850214417229757,43.0,40581.0,1
0.35568523271389707,0.6563781166376659,43.0,40581.0,1
0.9668040279139987,0.7153125060993171,43.0,40581.0,1
0.4272464768139522,0.8247953148045687,43.0,40581.0,1
0.19294236486537494,0.6639541434942801,43.0,40581.0,1
0.26923570385830464,0.724968943091354,43.0,40581.0,1
0.6008543073697998,0.7086408877576633,43.0,40581.0,1
0.8017598461328072,0.6061105886941387,43.0,40581.0,1
0.9824407326800392,0.7156204101131052,43.0,40581.0,1
0.1862027123335269,0.9460864461522446,43.0,40581.0,1
0.06130191341338499,0.7496049890661954,43.0,40581.0,1
0.4183673469387755,0.9393476695454372,43.0,40581.0,1
0.11031143872111462,0.8825062880150325,43.0,40581.0,1
0.04454115133598801,0.7339221396264017,43.0,40581.0,1
0.2898657410636154,0.8237569435687645,43.0,40581.0,1
0.2346938775510204,0.6767795006083741,43.0,40581.0,1
0.35671000294176586,0.6559975134512862,43.0,40581.0,1
0.3974346144783166,0.5958779985796354,43.0,40581.0,1
0.19373263415512262,0.5060221480913729,43.0,40581.0,1
0.5389607684525204,0.6578241138100674,43.0,40581.0,1
0.6967916060941906,0.538324040973501,43.0,40581.0,1
0.08416815623868151,0.8488942970578321,43.0,40581.0,1
0.5510204081632653,0.8872879982782111,43.0,40581.0,1
0.8508761558903347,0.9587641171833289,43.0,40581.0,1
0.19992332214938255,0.6508279738730146,43.0,40581.0,1
0.36103745038377716,0.6407817351940504,43.0,40581.0,1
0.6876529597974238,0.9080332070192976,43.0,40581.0,1
0.42164202519421995,0.5132534122264348,43.0,40581.0,1
0.173469387755102,0.5049076079557788,43.0,40581.0,1
0.5385610942201499,0.7855577567345065,43.0,40581.0,1
0.23829616872502443,0.723880213084829,43.0,40581.0,1
0.10779119553994437,0.8933681850681865,43.0,40581.0,1
0.2346938775510204,0.7408631092503847,43.0,40581.0,1
0.2959183673469387,0.9681876697753484,43.0,40581.0,1
0.5356939828630448,0.7761167733437474,43.0,40581.0,1
0.18439636866983347,0.5050493866731216,43.0,40581.0,1
0.7316479643476026,0.8758863281165247,43.0,40581.0,1
0.18752682913993626,0.658246379728135,43.0,40581.0,1
0.9403031047062749,0.9085544236265727,43.0,40581.0,1
0.37163408646543294,0.5731108905652678,43.0,40581.0,1
0.6446500167106021,0.5933221370499061,43.0,40581.0,1
0.6604079392940121,0.9424908851577442,43.0,40581.0,1
0.37449770299690033,0.9672036209310736,43.0,40581.0,1
0.9710927783843107,0.7131965473776014,43.0,40581.0,1
0.01020408163265306,0.5425028324536599,43.0,40581.0,1
0.761079377900311,0.6414608727043625,43.0,40581.0,1
0.450762511023138,0.7099502991619363,43.0,40581.0,1
0.7919196576718787,0.599195319930203,43.0,40581.0,1
0.7745847689438974,0.6313798544991148,43.0,40581.0,1
0.4183673469387755,0.9249274710048114,43.0,40581.0,1
0.6816261039292334,0.7969813922995864,43.0,40581.0,1
0.36734693877551017,0.646161898197082,43.0,40581.0,1
0.7555453436139471,0.6382125225410614,43.0,40581.0,1
0.033480759707411156,0.9412762982264737,43.0,40581.0,1
0.43042440990110575,0.9046574230398298,43.0,40581.0,1
0.834306679460116,0.603711484044863,43.0,40581.0,1
0.01020408163265306,0.7829213370320453,43.0,40581.0,1
0.31632653061224486,0.8627997490253647,43.0,40581.0,1
0.6424622976833367,0.5917560764671521,43.0,40581.0,1
0.4774429495086172,0.600783399026289,43.0,40581.0,1
0.9810084820366277,0.986858756320843,43.0,40581.0,1
0.10064287992519694,0.8633849966107896,43.0,40581.0,1
0.38216319956114947,0.9287300036705542,43.0,40581.0,1
0.6530612244897959,0.6016577568145152,43.0,40581.0,1
0.49916260316132477,0.7490508724597054,43.0,40581.0,1
0.989239539407182,0.7314118744459079,43.0,40581.0,1
0.41240671127254425,0.6469756098503278,43.0,40581.0,1
0.28522247581864607,0.516880265931619,43.0,40581.0,1
0.3479677090265671,0.6592444314724237,43.0,40581.0,1
0.21428571428571425,0.8823931594506642,43.0,40581.0,1
0.32270866596902525,0.9705826820645772,43.0,40581.0,1
0.7441259421487348,0.9160030889971654,43.0,40581.0,1
0.8428444819654051,0.9597386994634954,43.0,40581.0,1
0.8598598368297418,0.9155500350247463,43.0,40581.0,1
0.4081632653061224,0.8202084508058085,43.0,40581.0,1
0.48402717836941206,0.9360704968706964,43.0,40581.0,1
0.007005038952349307,0.707919441186687,43.0,40581.0,1
0.13107314350099664,0.73387773980234,43.0,40581.0,1
0.7498088592890586,0.7247378968953112,43.0,40581.0,1
0.16291833981083384,0.7431434231053329,43.0,40581.0,1
0.5336519019893082,0.8176029390927434,43.0,40581.0,1
0.08237088925322111,0.8474172785598384,43.0,40581.0,1
0.3837093295288435,0.6499785188852252,43.0,40581.0,1
0.7560619786291479,0.6385157753488964,43.0,40581.0,1
0.14597334356660677,0.7442220168971814,43.0,40581.0,1
0.6315117199674738,0.5037998777035614,43.0,40581.0,1
0.030211853854647662,0.5824947902313106,43.0,40581.0,1
0.5510204081632653,0.8816363938733955,43.0,40581.0,1
0.32075735546302847,0.7949909722674499,43.0,40581.0,1
0.346938775510204,0.6679183190231378,43.0,40581.0,1
0.8167276550719642,0.7633261045483251,43.0,40581.0,1
0.2086038281082789,0.8545876947001912,43.0,40581.0,1
0.8175505402455255,0.7636665092521508,43.0,40581.0,1
0.6957348803461638,0.5412270275746339,43.0,40581.0,1
0.3361692582626275,0.7548072614864095,43.0,40581.0,1
0.03905591584910082,0.5791534368552319,43.0,40581.0,1
0.7486789708745907,0.7238527946539571,43.0,40581.0,1
0.20630641848245684,0.8932516006371771,43.0,40581.0,1
0.2080650338856774,0.7241585395858636,43.0,40581.0,1
0.10553915435388245,0.9030741688816648,43.0,40581.0,1
0.4081632653061224,0.6462246596069602,43.0,40581.0,1
0.6090378328602022,0.713727853044608,43.0,40581.0,1
0.3279007085055693,0.9787268545921571,43.0,40581.0,1
0.2346938775510204,0.6687885717827107,43.0,40581.0,1
0.0171883544192743,0.5435009594602491,43.0,40581.0,1
0.6271594095663932,0.6486748603351299,43.0,40581.0,1
0.23813615142384398,0.6657986321429318,43.0,40581.0,1
0.31632653061224486,0.8482109751683429,43.0,40581.0,1
0.8265306122448979,0.9442480136363434,43.0,40581.0,1
0.46562401424644995,0.8876665836636558,43.0,40581.0,1
0.9017162275398324,0.5988300781869303,43.0,40581.0,1
0.06050226457791802,0.5704498356271918,43.0,40581.0,1
0.38775510204081626,0.990637863647953,43.0,40581.0,1
0.42586429962294686,0.8266735658067411,43.0,40581.0,1
0.8639598471307557,0.7028680187385205,43.0,40581.0,1
0.7417473075926867,0.9169089784917839,43.0,40581.0,1
0.756805956800178,0.6389524733323753,43.0,40581.0,1
0.4219894367629237,0.8262448103655732,43.0,40581.0,1
0.867144402383293,0.843015461187381,43.0,40581.0,1
0.9326206894386005,0.7963092240594555,43.0,40581.0,1
0.907199269187553,0.605589045269163,43.0,40581.0,1
0.38775510204081626,0.9924163225665245,43.0,40581.0,1
0.02379095307120066,0.5986289381990897,43.0,40581.0,1
0.14249044898294724,0.5440262005143772,43.0,40581.0,1
0.6823718737873793,0.6354920227301695,43.0,40581.0,1
0.31632653061224486,0.8578959935031725,43.0,40581.0,1
0.9999999999999999,0.5330971530876705,43.0,40581.0,1
0.9211696510199878,0.7460662516416676,43.0,40581.0,1
0.17202527138680337,0.8774276785078786,43.0,40581.0,1
0.6912942281177357,0.5434421798648921,43.0,40581.0,1
0.954162019151614,0.7963040664141205,43.0,40581.0,1
0.04081632653061224,0.8909498600503021,43.0,40581.0,1
0.3803230183818078,0.5905623353627852,43.0,40581.0,1
0.7157167876004634,0.9544507349343879,43.0,40581.0,1
0.624177505963263,0.5018790678864179,43.0,40581.0,1
0.018171499388381092,0.6118501081748066,43.0,40581.0,1
0.538538588433611,0.7771590365255064,43.0,40581.0,1
0.21489091749899586,0.7244173475370942,43.0,40581.0,1
0.13088941815454627,0.673167263471432,43.0,40581.0,1
0.018805626391510573,0.6129533241881665,43.0,40581.0,1
0.9217550631788615,0.7442684451379538,43.0,40581.0,1
0.019201749060248824,0.7132684577889676,43.0,40581.0,1
0.7191839721774079,0.853323936550688,43.0,40581.0,1
0.5031599837969155,0.9802505878336376,43.0,40581.0,1
0.01020408163265306,0.7824080244208225,43.0,40581.0,1
0.10671094001555974,0.5195377426153237,43.0,40581.0,1
0.6526931179761212,0.8222400672307952,43.0,40581.0,1
0.19204376042767643,0.6357763608325047,43.0,40581.0,1
0.8304032568893606,0.9466235241629442,43.0,40581.0,1
0.9018084617369817,0.5989437756458302,43.0,40581.0,1
0.6373508934065506,0.505329140642895,43.0,40581.0,1
0.06817575984700551,0.842952582196973,43.0,40581.0,1
0.7206685832850636,0.8543835298643292,43.0,40581.0,1
0.1326427229941443,0.7345717003374581,43.0,40581.0,1
0.19892237399844515,0.9690188606880276,43.0,40581.0,1
0.40895064578500345,0.8333641524391828,43.0,40581.0,1
0.42765610368924906,0.5132124200706212,43.0,40581.0,1
0.01020408163265306,0.7631594442623415,43.0,40581.0,1
0.13265306122448978,0.6660559676148927,43.0,40581.0,1
0.5450202535803106,0.905003217035503,43.0,40581.0,1
0.49880884800288994,0.9831812492056589,43.0,40581.0,1
0.01020408163265306,0.5425479694610895,43.0,40581.0,1
0.2346938775510204,0.7656908564786635,43.0,40581.0,1
0.5312773390192369,0.6654238604938395,43.0,40581.0,1
0.6224620950702798,0.5613678516495326,43.0,40581.0,1
0.6784608497349451,0.5144172467267708,43.0,40581.0,1
0.46397344812902547,0.5743858460358119,43.0,40581.0,1
0.30517035849058993,0.8360692991877098,43.0,40581.0,1
0.33655264063542967,0.737971377924974,43.0,40581.0,1
0.6838280403693212,0.9076261901418284,43.0,40581.0,1
0.5338892015580906,0.8012275085377722,43.0,40581.0,1
0.6187079129956218,0.7087555207376447,43.0,40581.0,1
0.4527673648169964,0.6279921712599686,43.0,40581.0,1
0.8596766448725088,0.8535760603342423,43.0,40581.0,1
0.9897959183673468,0.7566915307404223,43.0,40581.0,1
0.6870751808428573,0.9110828478819801,43.0,40581.0,1
0.36734693877551017,0.6426111862241711,43.0,40581.0,1
0.7142857142857142,0.8420490051093639,43.0,40581.0,1
0.6377612542918462,0.6483273420144249,43.0,40581.0,1
0.7355434654963519,0.9192716766065706,43.0,40581.0,1
0.19740837202775433,0.954574054943109,43.0,40581.0,1
0.13265306122448978,0.5179461114253425,43.0,40581.0,1
0.9897959183673468,0.7516418912333134,43.0,40581.0,1
0.5116964390731505,0.9730362466916763,43.0,40581.0,1
0.0487488756291545,0.5752197296441922,43.0,40581.0,1
0.6020408163265305,0.5907260300198138,43.0,40581.0,1
0.346938775510204,0.6688647936389814,43.0,40581.0,1
0.1120172366785351,0.8078123165424493,43.0,40581.0,1
0.6417985019693865,0.6448601026090972,43.0,40581.0,1
0.7702658130545323,0.6372271306316292,43.0,40581.0,1
0.3653001821706261,0.6528070913477123,43.0,40581.0,1
0.6689273329958014,0.9722605959854135,43.0,40581.0,1
0.7942688718330977,0.6052668556582937,43.0,40581.0,1
0.719644270712723,0.8157510453135564,43.0,40581.0,1
0.22360381011995561,0.7291220615963562,43.0,40581.0,1
0.1299357644028987,0.7333748686760325,43.0,40581.0,1
0.09280329029074874,0.8560952089517441,43.0,40581.0,1
0.3701538708813712,0.5689605537877978,43.0,40581.0,1
0.2346938775510204,0.668797019828469,43.0,40581.0,1
0.8513952998183834,0.865169018453522,43.0,40581.0,1
0.04468374287855683,0.7488535435211205,43.0,40581.0,1
0.30823644949195117,0.9607208768109846,43.0,40581.0,1
0.6200357508634833,0.559474720554839,43.0,40581.0,1
0.7907328296746907,0.51163944950098,43.0,40581.0,1
0.6317255957674255,0.582609983896434,43.0,40581.0,1
0.9897959183673468,0.7553173037504813,43.0,40581.0,1
0.3028379147484327,0.8469829395981701,43.0,40581.0,1
0.3360978389175082,0.7547205382443322,43.0,40581.0,1
0.5744978674177563,0.6005369515399718,43.0,40581.0,1
0.10301014615887909,0.9191364371016454,43.0,40581.0,1
0.6836734693877551,0.9077402465222087,43.0,40581.0,1
0.6663441047072479,0.828533027536697,43.0,40581.0,1
0.5,0.8600709834454515,43.0,40581.0,1
0.8342894356215564,0.7748208181169474,43.0,40581.0,1
0.978344411823353,0.9674449982009492,43.0,40581.0,1
0.5078784232641305,0.7685030472348334,43.0,40581.0,1
0.01020408163265306,0.5454525860332119,43.0,40581.0,1
0.13273836123079533,0.7897544531589895,43.0,40581.0,1
0.31922545615449466,0.6553497895271947,43.0,40581.0,1
0.686080510940336,0.9018956458604249,43.0,40581.0,1
0.2959183673469387,0.9830736631481773,43.0,40581.0,1
0.4228693564061259,0.8258103334600352,43.0,40581.0,1
0.6991068655912851,0.5175438547360512,43.0,40581.0,1
0.17181973284607893,0.8526190227064798,43.0,40581.0,1
0.1323563663989107,0.9489546041321677,43.0,40581.0,1
0.9919873801834921,0.5226113711177088,43.0,40581.0,1
0.13265306122448978,0.5157099804433217,43.0,40581.0,1
0.034319312980397296,0.9421251966865852,43.0,40581.0,1
0.03977380675270712,0.5347572362064091,43.0,40581.0,1
0.034507065442323355,0.5372486524515752,43.0,40581.0,1
0.6471728042393478,0.5163993311877527,43.0,40581.0,1
0.7063190988899136,0.9617596933638344,43.0,40581.0,1
0.7142857142857142,0.8491536114235203,43.0,40581.0,1
0.6910572177406085,0.9083954605161828,43.0,40581.0,1
0.18986225633864096,0.955099467121445,43.0,40581.0,1
0.411562629999778,0.8343341646193464,43.0,40581.0,1
0.8402123364402831,0.8732463505659033,43.0,40581.0,1
0.4183673469387755,0.9456897695471617,43.0,40581.0,1
0.19203805571069707,0.8419052921945868,43.0,40581.0,1
0.5387648106679602,0.7848744820091782,43.0,40581.0,1
0.03108992887629359,0.8056716717513384,43.0,40581.0,1
0.81098571006513,0.7653426995591573,43.0,40581.0,1
0.7777372479236484,0.899547127752152,43.0,40581.0,1
0.7384701705655301,0.9181570575620966,43.0,40581.0,1
0.5104248774812886,0.9741108706204452,43.0,40581.0,1
0.6787209293248548,0.5144566328695753,43.0,40581.0,1
0.5839841298026117,0.6823277109961,43.0,40581.0,1
0.6020408163265305,0.5916582405202374,43.0,40581.0,1
0.48212227521130396,0.9369869302696568,43.0,40581.0,1
0.13045765299197626,0.7356982396236628,43.0,40581.0,1
0.7879399367399132,0.5889097451941305,43.0,40581.0,1
0.6890802223559142,0.6669727812944097,43.0,40581.0,1
0.4183673469387755,0.9187816852668488,43.0,40581.0,1
0.7567814974504181,0.9111832924600273,43.0,40581.0,1
0.836734693877551,0.9564402652074656,43.0,40581.0,1
0.8311438608989485,0.7002161769901172,43.0,40581.0,1
0.5334185639047426,0.9080412979311953,43.0,40581.0,1
0.33744984803327677,0.7545270299357352,43.0,40581.0,1
0.4932997123560552,0.984384184528618,43.0,40581.0,1
0.2505540970261026,0.6724179286730637,43.0,40581.0,1
0.43289737958084745,0.6994911760081423,43.0,40581.0,1
0.8072047350116139,0.7668877969432373,43.0,40581.0,1
0.2346938775510204,0.6666477800620937,43.0,40581.0,1
0.7308027406693453,0.5291310914153646,43.0,40581.0,1
0.4278907060465482,0.8239198668449103,43.0,40581.0,1
0.8403214450966007,0.8732165253299821,43.0,40581.0,1
0.37376863359657275,0.5790958900187275,43.0,40581.0,1
0.20946831815571113,0.8899523756329014,43.0,40581.0,1
0.8087724136631672,0.602005695010083,43.0,40581.0,1
0.24706313409924147,0.6740404879498983,43.0,40581.0,1
0.2169265092122764,0.7273726960322211,43.0,40581.0,1
0.48050593395085117,0.93776453888923,43.0,40581.0,1
0.3092751599135178,0.886128356349879,43.0,40581.0,1
0.04081632653061224,0.8862968258883629,43.0,40581.0,1
0.9307320145317257,0.6711098670960087,43.0,40581.0,1
0.36734693877551017,0.5309594831669118,43.0,40581.0,1
0.7237490284213042,0.8565820982655542,43.0,40581.0,1
0.06718007069473153,0.567739772378019,43.0,40581.0,1
0.23859873119183864,0.6779746447278456,43.0,40581.0,1
0.8067017518761831,0.7670933412580744,43.0,40581.0,1
0.5946629741064501,0.5750065882943494,43.0,40581.0,1
0.6224489795918366,0.6376851656099696,43.0,40581.0,1
0.6122448979591836,0.7651587308745867,43.0,40581.0,1
0.3571428571428571,0.8245137104913218,43.0,40581.0,1
0.2387073431049754,0.7237332002257055,43.0,40581.0,1
0.48046173441371254,0.8802069654964052,43.0,40581.0,1
0.6142072805894689,0.79334455111347,43.0,40581.0,1
0.1850260503228785,0.6623743639786234,43.0,40581.0,1
0.20586373382790543,0.8925984311757663,43.0,40581.0,1
0.41380097666688165,0.5257450256479522,43.0,40581.0,1
0.8370520337176931,0.9538858170125796,43.0,40581.0,1
0.7470191049182635,0.5322074586492875,43.0,40581.0,1
0.38098668392625357,0.9181129158213674,43.0,40581.0,1
0.47471199085839166,0.5828082095141773,43.0,40581.0,1
0.346938775510204,0.661433454520397,43.0,40581.0,1
0.18063315630992194,0.5108872924136015,43.0,40581.0,1
0.972801036533233,0.9755875945359896,43.0,40581.0,1
0.15153096003085578,0.692915259327057,43.0,40581.0,1
0.4092219747152542,0.912292662987837,43.0,40581.0,1
0.6122448979591836,0.720002973818179,43.0,40581.0,1
0.36105141707480604,0.5986289915017897,43.0,40581.0,1
0.9381210392299241,0.6690854962786281,43.0,40581.0,1
0.8175948554042044,0.7636848412004588,43.0,40581.0,1
0.24535368007790698,0.6677153203967288,43.0,40581.0,1
0.6836734693877551,0.9113652649639957,43.0,40581.0,1
0.8624709715814933,0.9197965150113416,43.0,40581.0,1
0.8715503567965069,0.7843816662160569,43.0,40581.0,1
0.19387755102040813,0.5252477815596744,43.0,40581.0,1
0.3167001581834151,0.7311662791114217,43.0,40581.0,1
0.13265306122448978,0.6625132632227411,43.0,40581.0,1
0.6855821598680674,0.9030786856428348,43.0,40581.0,1
0.5510204081632653,0.8732139611064221,43.0,40581.0,1
0.6606166725782906,0.9741180288527905,43.0,40581.0,1
0.5069313140442663,0.921066246348729,43.0,40581.0,1
0.5977625459502927,0.5799737069061669,43.0,40581.0,1
0.34003414520705094,0.7510332713554128,43.0,40581.0,1
0.3571428571428571,0.8098102872869225,43.0,40581.0,1
0.21293992778833307,0.5954753417250088,43.0,40581.0,1
0.7491465594835643,0.5217032263014569,43.0,40581.0,1
0.46803410319305305,0.606679949048523,43.0,40581.0,1
0.31612580360339665,0.6515180510270844,43.0,40581.0,1
0.550483959101486,0.9673076567653124,43.0,40581.0,1
0.18866608399388654,0.9022318005853983,43.0,40581.0,1
0.5527479983340111,0.6477448537837047,43.0,40581.0,1
0.27182291563592526,0.7320440237761144,43.0,40581.0,1
0.1284802494168799,0.6691338398631641,43.0,40581.0,1
0.685336531152343,0.9077867114860652,43.0,40581.0,1
0.754764351261171,0.7086691739596986,43.0,40581.0,1
0.2346938775510204,0.7253741845017173,43.0,40581.0,1
0.27020851459149825,0.7276292256735073,43.0,40581.0,1
0.5241798178620783,0.9673398073318022,43.0,40581.0,1
0.7267537582728747,0.8099978355223035,43.0,40581.0,1
0.5188682354706385,0.9666534818652904,43.0,40581.0,1
0.5069433898799397,0.9742400513337781,43.0,40581.0,1
0.8517676002464258,0.8646478394370849,43.0,40581.0,1
0.12735282090941955,0.66297267198246,43.0,40581.0,1
0.538286588718834,0.973571087659261,43.0,40581.0,1
0.7049128327624046,0.9634214162512076,43.0,40581.0,1
0.5909568268947534,0.598267270258738,43.0,40581.0,1
0.9999999999999999,0.5124662544873738,43.0,40581.0,1
0.9798838175553193,0.5673125713976658,43.0,40581.0,1
0.30723134322765333,0.9075604891010209,43.0,40581.0,1
0.6321504548771074,0.6519514465258279,43.0,40581.0,1
0.840307860529526,0.8752571038722347,43.0,40581.0,1
0.33248709136412735,0.7503360716319718,43.0,40581.0,1
0.6326530612244897,0.576934357213456,43.0,40581.0,1
0.3121450859101573,0.8456452657011967,43.0,40581.0,1
0.8538860568150392,0.8580266437093981,43.0,40581.0,1
0.2747470045667564,0.7400403406195974,43.0,40581.0,1
0.7087351939909369,0.9589046999533396,43.0,40581.0,1
0.6822410020046298,0.635490663190556,43.0,40581.0,1
0.9369886397367051,0.728124391785352,43.0,40581.0,1
0.14285714285714282,0.7438256171438293,43.0,40581.0,1
0.5201481563168339,0.9658935194754893,43.0,40581.0,1
0.2346938775510204,0.7269817349059495,43.0,40581.0,1
0.3537086681013236,0.6633907443293607,43.0,40581.0,1
0.7006984424869116,0.5275913662733103,43.0,40581.0,1
0.6908137196999745,0.6633610636120894,43.0,40581.0,1
0.2040816326530612,0.6336399605071186,43.0,40581.0,1
0.4254557972394309,0.8188474193208322,43.0,40581.0,1
0.6379814400634751,0.6481382436868361,43.0,40581.0,1
0.12046598643538432,0.7884508215149412,43.0,40581.0,1
0.6979057833418287,0.535263226351334,43.0,40581.0,1
0.8393583190104358,0.8734797992416141,43.0,40581.0,1
0.36734693877551017,0.5493895728255015,43.0,40581.0,1
0.8044353068047557,0.611840146771491,43.0,40581.0,1
0.01020408163265306,0.5424899080451651,43.0,40581.0,1
0.2346938775510204,0.7274047951284833,43.0,40581.0,1
0.04081632653061224,0.8830432666651772,43.0,40581.0,1
0.13265306122448978,0.5185315322540431,43.0,40581.0,1
0.6321951039975869,0.5039788540401077,43.0,40581.0,1
0.9373172295107972,0.7283113468250075,43.0,40581.0,1
0.14999210223630835,0.6910575514047022,43.0,40581.0,1
0.5397633623738546,0.7815252917503432,43.0,40581.0,1
0.5922900217967326,0.5693631798025066,43.0,40581.0,1
0.9081632653061223,0.6127357886032839,43.0,40581.0,1
