Income,Num_Transactions,Spending_Score,Age,Target
0.3463963332866321,0.43877551020408156,0.3347838054927739,56.0,0
0.35820507175309735,0.48979591836734687,0.7861936656024143,69.0,0
0.4624522146388328,0.7551020408163265,0.7088489120204664,46.0,1
0.7368252506855073,0.6122448979591836,0.7899178506667246,32.0,1
0.38486479995196443,0.673469387755102,0.5181196366781662,60.0,0
0.10214558773492385,0.05102040816326531,0.4409211103207919,25.0,0
0.9083221583972139,0.08163265306122448,0.14768666077342812,38.0,0
0.01002742029101536,0.05102040816326531,0.3287281630699945,56.0,0
0.5042531473290235,0.7346938775510203,0.43473117772773673,36.0,0
0.9547264976082301,0.9591836734693877,0.0887364633460034,40.0,0
0.061735684406460795,0.31632653061224486,0.22096803602694484,28.0,0
0.567750135099974,0.4081632653061224,0.5992108200330024,28.0,1
0.47890438924804357,0.7653061224489796,0.7368777349377783,41.0,1
0.04575385785481256,0.07142857142857142,1.0,53.0,0
0.03538618577747535,0.7244897959183673,0.934657081272986,57.0,0
0.061125232672177426,0.5,0.6436246355725085,41.0,0
0.07506554850589439,0.9285714285714285,0.42193857638116655,20.0,0
0.7378860356663931,0.6224489795918366,0.6372261528810188,39.0,1
0.8215279306686949,0.846938775510204,0.7869495644801607,19.0,1
0.2669375337749935,0.6224489795918366,0.11852179104946205,41.0,0
0.06315673598462865,0.061224489795918366,0.4105765048947769,61.0,0
0.26028260913075674,0.7551020408163265,0.8411904956362822,47.0,0
0.7990412905550107,0.846938775510204,0.3844611078892569,55.0,0
0.12859516041870986,0.8061224489795917,0.5728138694142288,19.0,0
0.7347337029401757,0.030612244897959183,0.5887374578647946,38.0,1
0.7773252206632908,0.05102040816326531,0.18477210194985075,50.0,0
0.8126413546024058,0.5816326530612245,0.3628275967772487,29.0,0
0.23232191821948242,0.21428571428571425,0.33505723055167363,39.0,0
0.7226747793367092,0.2551020408163265,0.026228721605088,61.0,0
0.8144927246162159,0.020408163265306124,0.024220434927600013,42.0,0
0.5998839140964314,0.4081632653061224,0.8330717430706203,66.0,1
0.6296759602105558,0.6020408163265305,0.27351433681529647,44.0,0
0.8466164962071934,0.13265306122448978,0.5189306961784349,59.0,1
0.5453335468246503,0.7551020408163265,0.29921186428707924,45.0,0
0.48422832896343293,0.8265306122448979,0.9422356066458945,33.0,1
0.34494525949202415,0.11224489795918367,0.2597173257798622,32.0,0
0.7569901727278187,0.8775510204081631,0.4303613523643196,64.0,0
0.7608630386485999,0.11224489795918367,0.8741733480204784,68.0,1
0.17212737425695016,0.12244897959183672,0.8433253294192468,61.0,0
0.03754778536116726,0.24489795918367346,0.18639997564513608,69.0,0
0.27984708684426474,0.44897959183673464,0.8039695796004296,20.0,0
0.586393931509317,0.18367346938775508,0.45893898306617065,54.0,0
0.2724516141945039,0.5510204081632653,0.48376227743772904,68.0,0
0.9244440886255829,0.44897959183673464,0.13369081567027505,24.0,0
0.01546144146668535,0.07142857142857142,0.08072421405227562,38.0,0
0.7115065148209675,0.9387755102040816,0.729141052878992,26.0,1
0.7229649940956308,0.5306122448979591,0.4972770479530258,56.0,0
0.2709905329944159,0.5510204081632653,0.4375672337160683,35.0,0
0.7714608810519785,0.31632653061224486,0.7307125897889102,21.0,1
0.5611952845105378,0.510204081632653,0.7667772762148628,42.0,1
0.7612132978404019,0.43877551020408156,0.15916139711331853,31.0,0
0.13868262514260551,0.8265306122448979,0.6112306779733162,67.0,0
0.8565838720653283,0.7040816326530611,0.13556804948065737,26.0,0
0.2740628064767928,0.173469387755102,0.7526158969707547,43.0,0
0.1299561675639974,0.836734693877551,0.6580385788842661,19.0,0
0.24776334487520765,0.21428571428571425,0.9581975452489508,37.0,0
0.04267157696695556,0.36734693877551017,0.06906130813736548,45.0,0
0.7631947641254528,0.9693877551020408,0.057138171361736996,64.0,0
0.09057702699997996,0.5612244897959183,0.28264579741259716,24.0,0
0.38078177851610195,0.5918367346938775,0.2621302660803206,61.0,0
0.16341092408382205,0.020408163265306124,0.24737883321234969,25.0,0
0.41397634249344517,0.2755102040816326,0.9077535596716371,64.0,1
0.7957788763685127,0.7448979591836734,0.24995051358324183,52.0,0
0.28707243360086465,0.346938775510204,0.2723913842394988,31.0,0
0.8789103936913316,0.6122448979591836,0.7606524471706134,34.0,1
0.0005704221123631614,0.9387755102040816,0.450477858423628,53.0,0
0.8447351039769428,0.5408163265306122,0.7779935995245945,67.0,1
0.13183755979424774,0.6326530612244897,0.0654634620856605,57.0,0
0.5342053119308289,0.7959183673469387,0.48837227062311855,21.0,0
0.007865820707323418,0.9795918367346937,0.03365797645286337,19.0,0
0.10902067529972179,0.061224489795918366,0.06274598576079077,23.0,0
0.792376358505294,0.7653061224489796,0.9079367373252238,59.0,1
0.4648840141704862,0.48979591836734687,0.1394658246993699,21.0,0
0.882412985609351,0.9489795918367346,0.5332965187157412,46.0,1
0.975912175009507,0.8571428571428571,0.41176920259530286,35.0,0
0.06413746172167403,0.3061224489795918,0.34791065775708385,43.0,0
0.30067249764825976,0.5816326530612245,0.9013216212989611,61.0,0
0.4207213337870024,0.6122448979591836,0.021848119987018636,51.0,0
0.6431058983647899,0.2346938775510204,0.6648845012520652,27.0,1
0.9193002822088345,0.19387755102040813,0.9649886596311434,53.0,1
0.5804995696815644,0.36734693877551017,0.5610902721367633,31.0,1
0.4935252086544043,0.030612244897959183,0.9383723947023966,48.0,1
0.45560714929047497,0.9285714285714285,0.052333333653824095,65.0,0
0.36943338070171927,0.19387755102040813,0.419479750371449,32.0,0
0.6757400476352501,0.6020408163265305,0.26057979312820334,25.0,0
0.7847507155294918,0.2346938775510204,0.7320275143138651,31.0,1
0.42504453295438627,0.5,0.9829211578039958,40.0,1
0.01769309288873766,0.48979591836734687,0.25694601755958246,57.0,0
0.018583751976462587,0.510204081632653,0.6552533891919654,38.0,0
0.20573224185897562,0.9693877551020408,0.19841618701667002,33.0,0
0.3221784120248985,0.3571428571428571,0.5662609478888497,62.0,0
0.473370294017573,0.9897959183673468,0.464694160341573,35.0,0
0.2008286131737486,0.6632653061224489,0.9736139085273249,64.0,0
0.5936693152933171,0.7959183673469387,0.6095299710059445,41.0,1
0.6553349478614174,0.336734693877551,0.35007730916027824,43.0,0
0.8218081380221365,0.3571428571428571,0.11427431669269973,42.0,0
0.8796309268858955,0.05102040816326531,0.15148728751382928,62.0,0
0.09812261073194165,0.38775510204081626,0.22568085598075668,58.0,0
0.021605988431439266,0.4183673469387755,0.2513733428374364,46.0,0
0.39778436042671583,0.5816326530612245,0.8520222932893342,32.0,0
0.05230870844424876,0.11224489795918367,0.5621466348753587,62.0,0
0.3435242079138563,0.020408163265306124,0.5242516961142906,18.0,0
0.08458259111742691,0.173469387755102,0.11494852564084561,42.0,0
0.012829493825430832,0.39795918367346933,0.8615618037198047,24.0,0
0.630626663731161,0.2040816326530612,0.7240075062588479,26.0,1
0.19170185937593817,0.14285714285714282,0.06776950395943372,41.0,0
0.930788783699938,0.9795918367346937,0.7090033314823535,18.0,1
0.797660268598763,0.9999999999999999,0.5444325855721914,61.0,1
0.9784140263795209,0.2551020408163265,0.08184991935442172,25.0,0
0.2657366451173868,0.07142857142857142,0.45905292747448634,41.0,0
0.36224806356703965,0.9489795918367346,0.4854925719058691,28.0,0
0.9379841082400977,0.8775510204081631,0.16603921514490955,68.0,0
0.42049116346096116,0.4183673469387755,0.9472628745247628,34.0,1
0.8352580909873306,0.43877551020408156,0.8513805389705034,25.0,1
0.9658447250965714,0.13265306122448978,0.6701258746975862,52.0,1
0.12168004323199169,0.7857142857142856,0.46305450606685916,52.0,0
0.0017512959590096633,0.01020408163265306,0.4124402582985781,50.0,0
0.4290074655244881,0.36734693877551017,0.6520469189067324,22.0,1
0.6743390108680424,0.693877551020408,0.5463293941599359,59.0,1
0.08513299841882996,0.37755102040816324,0.062365254603708564,56.0,0
0.7078438044152673,0.4081632653061224,0.5133452838948813,58.0,1
0.6542941776914917,0.6224489795918366,0.8077361550838168,45.0,1
0.8455757260372676,0.6020408163265305,0.45999372915284026,24.0,0
0.7369253247403078,0.13265306122448978,0.05203152968303008,26.0,0
0.05358965634569582,0.8979591836734693,0.7875771902306361,25.0,0
0.36125733042451413,0.846938775510204,0.20168778072843235,29.0,0
0.4389748413826232,0.01020408163265306,0.25904027510628386,51.0,0
0.05895362568300541,0.7040816326530611,0.1649692478563678,50.0,0
0.8739267057622642,0.16326530612244897,0.3307538453173331,65.0,0
0.07952885134999901,0.8979591836734693,0.7580012785696782,40.0,0
0.41802934171286754,0.2755102040816326,0.5202399682337719,41.0,1
0.5857934871805136,0.6632653061224489,0.2052111360410603,54.0,0
0.30485559313892285,0.346938775510204,0.879281676576811,52.0,0
0.8886676140343854,0.04081632653061224,0.8810363734082906,61.0,1
0.8674419070111883,0.6530612244897959,0.8720179357099018,57.0,1
0.15475451834357426,0.39795918367346933,0.23918260598868257,39.0,0
0.19236234813762185,0.7653061224489796,0.45197985966943965,44.0,0
0.2388767688089186,0.5612244897959183,0.9866198785752708,52.0,0
0.00017012589316095506,0.3571428571428571,0.7732876876615308,18.0,0
0.20566219002061528,0.44897959183673464,0.02720105237693645,52.0,0
0.16936533034445492,0.22448979591836732,0.065301626467334,54.0,0
0.14010367672077337,0.4693877551020408,0.4646930486155203,64.0,0
0.8298640994335809,0.3061224489795918,0.910724128404989,31.0,1
0.8405820307027201,0.1020408163265306,0.5395881043679088,20.0,1
0.4327502351740288,0.09183673469387754,0.4986306562031289,18.0,0
0.5919080119288274,0.673469387755102,0.10563785963143278,22.0,0
0.7504153073274223,0.13265306122448978,0.657863235548479,43.0,1
0.29248643996557455,0.8061224489795917,0.8234618679774197,31.0,0
0.9371835158016932,0.7448979591836734,0.3810424744359781,56.0,0
0.3968036346896704,0.9387755102040816,0.7768930620646425,44.0,0
0.11902808077977703,0.09183673469387754,0.9660726832674632,26.0,0
0.7333426735784481,0.7653061224489796,0.2040944627359016,32.0,0
0.7209434981886597,0.9489795918367346,0.5241903137869004,32.0,1
0.7151291956047475,0.0,0.28760493341805665,43.0,0
0.8706642915757661,0.04081632653061224,0.7941643717631232,59.0,1
0.18527710505774272,0.19387755102040813,0.5785445005453465,30.0,0
0.09130756760002404,0.07142857142857142,0.6356285471100023,68.0,0
0.19050097071833158,0.42857142857142855,0.7992325464130176,49.0,0
0.6771811140243781,0.7653061224489796,0.3966188606190199,56.0,0
0.33981146048075583,0.0,0.9166037754084133,66.0,0
0.1119428376998979,0.5714285714285714,0.533905717468541,69.0,0
0.4553169345315534,0.6428571428571428,0.1582064631513974,49.0,0
0.18334567580009206,0.846938775510204,0.6970474563702952,21.0,0
0.3642195224466105,0.2755102040816326,0.7945719814803914,47.0,0
0.9227128074775335,0.36734693877551017,0.31727803209775596,54.0,0
0.03960931089005865,0.4693877551020408,0.8585964326258069,40.0,0
0.11250325240678102,0.7653061224489796,0.9076420483477674,56.0,0
0.6749594700078058,0.36734693877551017,0.2773544045667514,62.0,0
0.41127434301383026,0.48979591836734687,0.9851492478386512,32.0,1
0.5489762424193904,0.43877551020408156,0.1409344255635413,60.0,0
0.9274663250805597,0.5612244897959183,0.20234075362239584,46.0,0
0.9665752656966156,0.2755102040816326,0.18452026897309748,53.0,0
0.8312351139843484,0.7959183673469387,0.8954682448791097,30.0,1
0.24477113063667114,0.05102040816326531,0.6553715366548059,49.0,0
0.9682064727898645,0.6122448979591836,0.15234617128972466,24.0,0
0.8749174389047896,0.19387755102040813,0.4410457381296987,68.0,0
0.5680103276424554,0.7857142857142856,0.6163120095280294,39.0,1
0.8090987330624662,0.01020408163265306,0.0835915568967498,45.0,0
0.7131677441306568,0.7346938775510203,0.8838756117068842,19.0,1
0.05351960450733542,0.36734693877551017,0.8049314058437764,59.0,0
0.5936292856713968,0.19387755102040813,0.5060372472266349,62.0,1
0.2501150851630206,0.2551020408163265,0.9687270618392161,23.0,0
0.09392950783579848,0.2857142857142857,0.41844568976797897,45.0,0
0.008626383523807624,0.0,0.9857390757062615,45.0,0
0.9873606468786902,0.346938775510204,0.6690216986870096,61.0,1
0.5133398715049137,0.7040816326530611,0.6357175509269711,61.0,1
0.10736945339551271,0.5918367346938775,0.16621987091089954,37.0,0
0.9773232191821948,0.693877551020408,0.8833861871413358,47.0,1
0.6664531753497588,0.32653061224489793,0.4281906151715235,28.0,0
0.4400056041470689,0.510204081632653,0.1624921780568275,45.0,0
0.6447170906470788,0.7857142857142856,0.0126168812672706,42.0,0
0.3211776714768929,0.11224489795918367,0.560677084718468,56.0,0
0.8287132478033745,0.19387755102040813,0.5282670889716639,50.0,1
0.022776854872605723,0.5306122448979591,0.7205410568200269,18.0,0
0.6776914917038609,0.8877551020408162,0.8917303676001356,44.0,1
0.1898304745511679,0.42857142857142855,0.07952729311408427,69.0,0
0.591847967495947,0.9897959183673468,0.7327041657048856,30.0,1
0.3222884934851791,0.8979591836734693,0.18771268640909144,58.0,0
0.43844444889218026,0.5,0.8595958920079255,20.0,1
0.46171166663330865,0.2857142857142857,0.8204171544599541,56.0,1
0.5516081900606449,0.5714285714285714,0.5416835484782376,23.0,1
0.23667513960330647,0.38775510204081626,0.7114150462668126,25.0,0
0.29447791365610554,0.9591836734693877,0.3148624483846869,44.0,0
0.7190020615255289,0.5612244897959183,0.4719416332750785,26.0,0
0.7188819726597683,0.42857142857142855,0.8229948278753207,54.0,1
0.6442267277785562,0.5,0.46001909093422905,50.0,0
0.4060104477313212,0.22448979591836732,0.35838302413322926,68.0,0
0.20057842803674722,0.43877551020408156,0.49502459448759134,59.0,0
0.6475992234253347,0.37755102040816324,0.8296182047182099,61.0,1
0.14332606128535116,0.846938775510204,0.33575515060568123,41.0,0
0.8429337709905329,0.22448979591836732,0.1740395817142936,32.0,0
0.036987370654284174,0.44897959183673464,0.7131892204189375,49.0,0
0.20564217520965514,0.520408163265306,0.8273433793991144,49.0,0
0.16430158317154694,0.8061224489795917,0.10079357671395842,41.0,0
0.3963533014430679,0.5,0.24026230411396263,58.0,0
0.7567900246182175,0.07142857142857142,0.14219698833598293,69.0,0
0.9911034165282309,0.8571428571428571,0.34850974002720947,66.0,0
0.7130776774813362,0.0,0.4510900135801982,66.0,0
0.7783159538058163,0.07142857142857142,0.7500628994021172,69.0,1
0.1410343654304185,0.2857142857142857,0.6522213268738251,29.0,0
0.763214778936413,0.9693877551020408,0.6219519374725133,56.0,1
0.12948581950643476,0.04081632653061224,0.3529506653021981,19.0,0
0.5529892120168926,0.8673469387755102,0.8428385055772691,20.0,1
0.0075455837319616526,0.4693877551020408,0.4720611005487095,66.0,0
0.7607329423773592,0.336734693877551,0.9807253512288826,54.0,1
0.9048095590737146,0.6530612244897959,0.6351875339551412,66.0,1
0.02384764725897165,0.5510204081632653,0.12646355777011611,34.0,0
0.7598923203170346,0.9081632653061223,0.677293026468616,66.0,1
0.7591217500950703,0.42857142857142855,0.32563427628309916,19.0,0
0.7331325180633669,0.7448979591836734,0.687459579477657,19.0,1
0.1732081740487961,0.2959183673469387,0.06974557865390282,45.0,0
0.15279306686948343,0.8265306122448979,0.1751612924194996,40.0,0
0.5692412385165022,0.16326530612244897,0.8571520308701339,54.0,1
0.917589015871745,0.2551020408163265,0.22754658786104645,49.0,0
0.9914436683145529,0.07142857142857142,0.8384247326728426,50.0,1
0.2726617697095851,0.4693877551020408,0.27972995885874896,18.0,0
0.854542361347397,0.7653061224489796,0.6439418740199364,36.0,1
0.39884514540760163,0.9183673469387754,0.6952959970669788,19.0,0
0.37186518023337267,0.7244897959183673,0.5134976418119719,61.0,0
0.8087885034925846,0.8979591836734693,0.30580794408553047,43.0,0
0.6463182755238877,0.4591836734693877,0.21298717855545926,49.0,0
0.6026359506034465,0.6836734693877551,0.03323302365813332,23.0,0
0.530072253467566,0.32653061224489793,0.3044413945224692,49.0,0
0.0006604887616836475,0.0,0.6542398916642602,21.0,0
0.5230770770370075,0.18367346938775508,0.939857222053672,28.0,1
0.2759241838960831,0.3061224489795918,0.8726450365000223,34.0,0
0.6529832075736045,0.8061224489795917,0.7673300736822359,55.0,1
0.5515681604387247,0.13265306122448978,0.7897499498399284,41.0,1
0.860696915717631,0.5306122448979591,0.6660817108569446,22.0,1
0.44299781838560537,0.47959183673469385,0.2607090748729269,69.0,0
0.688949822868923,0.693877551020408,0.9086955774902901,51.0,1
0.03739767427896645,0.9081632653061223,0.6718386996262915,23.0,0
0.47857414486720173,0.6224489795918366,0.5613631737973903,39.0,1
0.1366811440465945,0.9285714285714285,0.11116282310908294,28.0,0
0.34525548906190584,0.6632653061224489,0.44778908532939105,65.0,0
0.7658567339831476,0.6428571428571428,0.46111398700507233,33.0,0
0.22072333526809837,0.7040816326530611,0.8659930941068984,50.0,0
0.36210795989031885,0.6326530612244897,0.5475477724726332,26.0,0
0.015861737685887556,0.7346938775510203,0.3810229834634427,23.0,0
0.4749814862998619,0.32653061224489793,0.9784169001770608,33.0,1
0.1921021555951404,0.4081632653061224,0.11089349903343118,46.0,0
0.531523327262174,0.8979591836734693,0.42324111899062605,20.0,0
0.3739767427896644,0.47959183673469385,0.04208307183904876,37.0,0
0.3925104577387267,0.12244897959183672,0.741125810787786,53.0,0
0.6336088705642176,0.7346938775510203,0.919595237362246,36.0,1
0.6823449352520866,0.7755102040816326,0.28049246886554435,43.0,0
0.11642615535496267,0.3061224489795918,0.8597607900605843,20.0,0
0.5624562176010248,0.7551020408163265,0.2926936740876124,36.0,0
0.750555411004143,0.6836734693877551,0.91227666780443,37.0,1
0.9742809679162581,0.9897959183673468,0.7552070264976738,49.0,1
0.5752757040209755,0.030612244897959183,0.8062368196132312,24.0,1
0.3919300282208835,0.18367346938775508,0.018024916529791192,69.0,0
0.9795748854152073,0.7040816326530611,0.9644036088950209,58.0,1
0.13173748573944719,0.9897959183673468,0.7278706238248808,50.0,0
0.4070812401176871,0.8265306122448979,0.30524743001036503,57.0,0
0.251085803494586,0.12244897959183672,0.8307655264246944,56.0,0
0.6371815143205972,0.22448979591836732,0.28197881118696655,35.0,0
0.4966475191641815,0.836734693877551,0.8741969764225805,57.0,1
0.9994295778876368,0.7551020408163265,0.11275639620976542,18.0,0
0.7350339251045774,0.0,0.704847295556902,28.0,1
0.08523307247363052,0.8877551020408162,0.5415881113183962,45.0,0
0.08015931789524247,0.5408163265306122,0.09668372909242293,42.0,0
0.08612373156135542,0.7142857142857142,0.2422853862751454,67.0,0
0.5774373036046675,0.8979591836734693,0.012413058382401844,40.0,0
0.36334887816984573,0.8571428571428571,0.469537699364187,48.0,0
0.06727978704241142,0.14285714285714282,0.3017557848559574,47.0,0
0.41884994896223204,0.6530612244897959,0.5993432306145646,59.0,1
0.7049916938534516,0.7653061224489796,0.29772161845401685,52.0,0
0.7902447811380422,0.7142857142857142,0.3004073917104065,24.0,0
0.6751596181174069,0.14285714285714282,0.744420371307589,33.0,1
0.7082741228509097,0.2040816326530612,0.04821143099163602,43.0,0
0.45738846746592476,0.18367346938775508,0.9043883742589232,65.0,1
0.19910733943117906,0.6020408163265305,0.8536728565803114,69.0,0
0.879000460340652,0.9387755102040816,0.6689061908905665,66.0,1
0.4621419850689511,0.8979591836734693,0.5941987553827695,19.0,1
0.37115465444428875,0.32653061224489793,0.8937782206020091,18.0,0
0.9427976702760044,0.48979591836734687,0.1856274517525155,65.0,0
0.04700478353981946,0.9693877551020408,0.07908914152358533,29.0,0
0.1905109781238116,0.346938775510204,0.2398977546122134,22.0,0
0.10342653563637091,0.43877551020408156,0.7958911049264719,54.0,0
0.16192982807277387,0.9081632653061223,0.034716404350656205,49.0,0
0.2765646578468066,0.1020408163265306,0.5837666600653381,26.0,0
0.7047214939054901,0.9999999999999999,0.997085154135259,58.0,1
0.46137141484698674,0.7244897959183673,0.8571107971839466,52.0,1
0.19770630266397135,0.7857142857142856,0.5223032312976915,36.0,0
0.49816864479714995,0.7448979591836734,0.06373533799624727,65.0,0
0.5283209575085563,0.6632653061224489,0.8327476744904614,33.0,1
0.2487540780177331,0.4591836734693877,0.599965289677035,20.0,0
0.9674258951624202,0.08163265306122448,0.11511292441102917,37.0,0
0.21521926225406804,0.020408163265306124,0.09400208112730979,41.0,0
0.7544783139523248,0.8571428571428571,0.9111314197630856,50.0,1
0.6280947901447071,0.2551020408163265,0.6703040968902708,41.0,1
0.20761363408922603,0.7244897959183673,0.8306574810818237,69.0,0
0.7551588175249685,0.47959183673469385,0.8804324136755274,28.0,1
0.01700258191061385,0.6632653061224489,0.5727137836803565,66.0,0
0.419200208154034,0.7040816326530611,0.5182972275246747,25.0,1
0.9238236294858195,0.2755102040816326,0.43113323445339213,53.0,0
0.02423793607269381,0.9387755102040816,0.31746325104853174,55.0,0
0.24400056041470689,0.2551020408163265,0.435308733536688,57.0,0
0.3368392610531794,0.24489795918367346,0.7751579794780031,37.0,0
0.5804895622760843,0.11224489795918367,0.6029151213988395,52.0,1
0.9351019754618417,0.04081632653061224,0.8939993804544801,65.0,1
0.02020495166423153,0.9897959183673468,0.44410742917212964,42.0,0
0.02658967636050677,0.47959183673469385,0.6080898805400436,52.0,0
0.5966014850989733,0.36734693877551017,0.6323482237890126,42.0,1
0.27912655364970074,0.7959183673469387,0.5926718065504857,46.0,0
0.8644797149890919,0.43877551020408156,0.703793337265006,35.0,1
0.4243139923543422,0.14285714285714282,0.23781759142933132,63.0,0
0.9040389888517504,0.42857142857142855,0.5132061811862731,35.0,1
0.7284090226767809,0.47959183673469385,0.104386880699884,19.0,0
0.9361627604427276,0.8775510204081631,0.38514061438365776,52.0,0
0.891119428376999,0.7040816326530611,0.48846830538468894,33.0,0
0.18402617937273583,0.4591836734693877,0.6532997962436974,58.0,0
0.33500790585032925,0.42857142857142855,0.9521038360678844,53.0,0
0.6406440766166964,0.2040816326530612,0.6016406360311884,50.0,1
0.38226287452715013,0.22448979591836732,0.7448217567073664,21.0,0
0.48277725516882497,0.8061224489795917,0.5070982988660213,50.0,1
0.28826331485299117,0.4693877551020408,0.6351493635154152,31.0,0
0.06589876508616374,0.14285714285714282,0.07103879870296691,38.0,0
0.37968096391329587,0.24489795918367346,0.2548039713280043,65.0,0
0.2669675559914336,0.3571428571428571,0.3624446109945105,37.0,0
0.11433460760963113,0.7551020408163265,0.47326929874790835,25.0,0
0.38533514800952706,0.510204081632653,0.04571318312302304,24.0,0
0.2548085583331665,0.14285714285714282,0.140245849192074,20.0,0
0.6514320597241959,0.6836734693877551,0.2772640746601404,34.0,0
0.5514881011948842,0.2040816326530612,0.973140481956622,50.0,1
0.5246582471028561,0.12244897959183672,0.3318876743803191,65.0,0
0.1229109541060385,0.8673469387755102,0.48283291689386315,29.0,0
0.4077617436903309,0.18367346938775508,0.19641293333406876,68.0,0
0.4874607209334908,0.336734693877551,0.6117865245687486,39.0,1
0.7862117967295799,0.7857142857142856,0.2811394314565916,39.0,0
0.997988511498509,0.6836734693877551,0.20732595965615988,63.0,0
0.7562496247222945,0.520408163265306,0.5174220478086007,47.0,1
0.5258191061385425,0.26530612244897955,0.005503322612785532,55.0,0
0.8197466124932451,0.2857142857142857,0.0076651536551332064,55.0,0
0.263585052939175,0.2755102040816326,0.21942232015569835,62.0,0
0.8538518503692734,0.346938775510204,0.03677091909097181,68.0,0
0.8124412064928046,0.07142857142857142,0.1081941678176678,25.0,0
0.7653063266817445,0.1530612244897959,0.339413841085864,44.0,0
0.5508676420551208,0.3571428571428571,0.8039118533208816,44.0,1
0.3064067409883314,0.2959183673469387,0.572990535550588,51.0,0
0.762143986550047,0.173469387755102,0.5135106362476795,38.0,1
0.6321678041750896,0.01020408163265306,0.2939663847814355,47.0,0
0.7404979684966876,0.48979591836734687,0.933295203028842,50.0,1
0.5635470247983508,0.7755102040816326,0.39766517038227805,45.0,0
0.3144326801833357,0.030612244897959183,0.08722628734298968,64.0,0
0.8523307247363048,0.9081632653061223,0.6180834484689554,50.0,1
0.6882693192962792,0.8979591836734693,0.11401649623632301,22.0,0
0.7225146608490283,0.9489795918367346,0.34578694017188455,65.0,0
0.39955567119668556,0.7551020408163265,0.5082460881515926,36.0,0
0.24117847206933132,0.061224489795918366,0.8756681096888661,21.0,0
0.855983427736525,0.9591836734693877,0.49435761764566527,52.0,0
0.7910954106038468,0.7448979591836734,0.7034177051129139,66.0,1
0.6491703860857034,0.38775510204081626,0.9944601085433225,34.0,1
0.7350039028881372,0.12244897959183672,0.1316966446056556,61.0,0
0.3487680883854052,0.3061224489795918,0.2751778206042398,45.0,0
0.8713147729319697,0.7142857142857142,0.3952221392375297,47.0,0
0.31784520545203454,0.6326530612244897,0.4225196686351214,46.0,0
0.750345255489062,0.5612244897959183,0.41169455103072944,63.0,0
0.6051978464063407,0.4183673469387755,0.9091122427233634,23.0,1
0.8446050077057021,0.6122448979591836,0.7152112093941052,52.0,1
0.12123971739086922,0.4183673469387755,0.6089068754923805,58.0,0
0.5475151612193023,0.5612244897959183,0.30987675625697303,54.0,0
0.8692932770249986,0.3571428571428571,0.8251519040269623,41.0,1
0.6634709685167024,0.846938775510204,0.9566408451094113,46.0,1
0.17279787042411385,0.6836734693877551,0.8225554815886559,66.0,0
0.4703180353461561,0.061224489795918366,0.0015560599117592413,63.0,0
0.0609450993735364,0.5408163265306122,0.6374505317503114,48.0,0
0.043682324920441135,0.0,0.05120896472129245,52.0,0
0.15983828032744232,0.43877551020408156,0.2580249709606181,50.0,0
0.021395832916358104,0.44897959183673464,0.05961226775987138,69.0,0
0.6048475872145388,0.4693877551020408,0.6047902638013755,38.0,1
0.5337349638732662,0.12244897959183672,0.687722734206098,49.0,1
0.20033825030522587,0.21428571428571425,0.11466682304967,40.0,0
0.36186778215879756,0.2040816326530612,0.3844670488877468,50.0,0
0.4184496527430299,0.8673469387755102,0.45698535420438957,20.0,0
0.1380921882192823,0.9285714285714285,0.3696565410916512,35.0,0
0.5043732361947841,0.08163265306122448,0.12121508258062656,42.0,0
0.3138222284490523,0.2551020408163265,0.4196344789722425,59.0,0
0.08651402037507758,0.08163265306122448,0.752418530307652,48.0,0
0.42851710265596543,0.14285714285714282,0.0711143728671812,20.0,0
0.23193162940576026,0.09183673469387754,0.0803020117803901,57.0,0
0.8796009046694555,0.8877551020408162,0.3553510049898799,63.0,0
0.8551728278926405,0.4183673469387755,0.9432838175016529,41.0,1
0.15309328903388505,0.7244897959183673,0.6696754345033414,67.0,0
0.9972679783039449,0.2346938775510204,0.6797895756315343,49.0,1
0.9492424394051597,0.8061224489795917,0.3625116201387192,64.0,0
0.7691491703860858,0.48979591836734687,0.5946387086203846,39.0,1
0.14546764605808296,0.2551020408163265,0.010136417521586116,40.0,0
0.3353681724476113,0.9183673469387754,0.6371446990330768,19.0,0
0.7875527890639074,0.36734693877551017,0.9147976489603894,44.0,1
0.012199027280187347,0.6836734693877551,0.6135829112468385,59.0,0
0.6318375597942477,0.5,0.875143305130509,19.0,1
0.6250225166623301,0.2346938775510204,0.7251681900374503,43.0,1
0.07028200868642795,0.18367346938775508,0.12074772075138503,34.0,0
0.17724115845725838,0.6020408163265305,0.9039459501044061,57.0,0
0.29937153493585256,0.38775510204081626,0.06654294527023695,50.0,0
0.4562176010247584,0.7448979591836734,0.5348458873287939,26.0,1
0.48260712927566396,0.8979591836734693,0.1423623976299171,60.0,0
0.19017072633748974,0.173469387755102,0.011714470299241227,65.0,0
0.6763204771530933,0.18367346938775508,0.42272609374076997,56.0,0
0.9009967375858134,0.3571428571428571,0.29552085605943995,46.0,0
0.8614674859395952,0.7448979591836734,0.4867989525519785,59.0,0
0.3756679943157937,0.9795918367346937,0.5781503655094186,43.0,0
0.5189840481956648,0.5510204081632653,0.043800326700525034,52.0,0
0.2849008266116927,0.693877551020408,0.12319667483314135,67.0,0
0.3592058123011028,0.4693877551020408,0.5595619417951196,42.0,0
0.27816584272361544,0.48979591836734687,0.3437277237526992,41.0,0
0.025148609971378827,0.9999999999999999,0.7303772907069257,30.0,0
0.7834197306006445,0.9897959183673468,0.6533672976207833,24.0,1
0.35333146528431036,0.32653061224489793,0.8470022444575618,53.0,0
0.996217200728539,0.2040816326530612,0.693635486932665,62.0,1
0.6075896163160739,0.8163265306122448,0.4306360741865351,37.0,0
0.2370954506334688,0.21428571428571425,0.6740767344809775,18.0,0
0.5500970718331566,0.47959183673469385,0.2758285522378529,25.0,0
0.17638052158597364,0.36734693877551017,0.30681243776841693,63.0,0
0.5167123671516922,0.14285714285714282,0.790288662992566,33.0,1
0.5594239737405681,0.346938775510204,0.44715199773219344,31.0,0
0.7690490963312852,0.9285714285714285,0.7996995043911567,29.0,1
0.745271500910674,0.7142857142857142,0.8237816131408692,68.0,1
0.8199467606028461,0.31632653061224486,0.8589801518444541,40.0,1
0.5611452474831375,0.1020408163265306,0.9181515184779785,32.0,1
0.9743710345655785,0.09183673469387754,0.4316919744579933,45.0,0
0.6125332746232212,0.7346938775510203,0.3193866824056086,51.0,0
0.9220923483377699,0.7857142857142856,0.5831575579549103,19.0,1
0.38211276344494927,0.7755102040816326,0.37177947559326313,49.0,0
0.5736645117386866,0.5714285714285714,0.6020644415477266,40.0,1
0.31616396133138525,0.24489795918367346,0.7067503476533844,39.0,0
0.26616696355302927,0.01020408163265306,0.6895408647992239,68.0,0
0.39921541941036365,0.6428571428571428,0.37516557406132506,42.0,0
0.22136380921882196,0.346938775510204,0.16712668636665265,39.0,0
0.974441086403939,0.061224489795918366,0.4312353324983514,39.0,0
0.7840902267678082,0.8571428571428571,0.14282017972424624,66.0,0
0.015631567359846305,0.173469387755102,0.8915690813659515,69.0,0
0.48732061725677,0.673469387755102,0.3464423487888412,59.0,0
0.407791765906771,0.4183673469387755,0.15470556160732415,23.0,0
0.16677341232512058,0.38775510204081626,0.02547852455834218,32.0,0
0.6138142225246682,0.4081632653061224,0.6468872517195541,60.0,1
0.5120389087925065,0.7551020408163265,0.6379523140492942,54.0,1
0.8118207473530412,0.2346938775510204,0.3411602645925622,50.0,0
0.8256609891319577,0.6020408163265305,0.07181977105117454,25.0,0
0.2936372915957809,0.4591836734693877,0.410300050038736,61.0,0
0.04206112523267219,0.18367346938775508,0.3117246085116919,61.0,0
0.9653443548225686,0.6836734693877551,0.6782376761417818,22.0,1
0.4680263394912235,0.9081632653061223,0.6067773670896838,56.0,1
0.4789944558973641,0.4183673469387755,0.3651898143439402,21.0,0
0.7417689089926546,0.31632653061224486,0.21824410461281982,23.0,0
0.9307387466725376,0.38775510204081626,0.9896712664758808,62.0,1
0.5903568640794188,0.3571428571428571,0.45474674111662367,49.0,0
0.116125933190561,0.9795918367346937,0.6894098640859768,69.0,0
0.35703420531193086,0.3571428571428571,0.14077560078912604,47.0,0
0.8956928126813843,0.020408163265306124,0.4863874736621396,64.0,0
0.29334707683685923,0.7346938775510203,0.02757096660374905,52.0,0
0.3636390929287673,0.07142857142857142,0.5062860055249424,57.0,0
0.8614875007505554,0.9795918367346937,0.9656126709671381,69.0,1
0.38677621439865506,0.7040816326530611,0.3848354919632973,33.0,0
0.611052178612173,0.4081632653061224,0.03904936077309539,30.0,0
0.19204211116226008,0.6836734693877551,0.030995736893877805,67.0,0
0.21127634449492624,0.12244897959183672,0.38862183987438365,59.0,0
0.11503512599323498,0.48979591836734687,0.1602800274460296,47.0,0
0.8741468686828253,0.6020408163265305,0.02337936772484922,36.0,0
0.7861517522966995,0.01020408163265306,0.7574624902209416,34.0,1
0.5325540900266197,0.6020408163265305,0.459275665491258,36.0,0
0.5747453115305327,0.04081632653061224,0.28971525914848595,45.0,0
0.5298120609250846,0.43877551020408156,0.9015718750813352,43.0,1
0.8960530792786663,0.26530612244897955,0.11632089776867356,54.0,0
0.7234853791805936,0.31632653061224486,0.9575005933068026,43.0,1
0.9125552909152772,0.2040816326530612,0.31447841349686245,40.0,0
0.24720293016832454,0.07142857142857142,0.8898728958288451,26.0,0
0.1099413566038869,0.7244897959183673,0.6039362661740464,29.0,0
0.9701078798310749,0.5,0.8280737418457305,18.0,1
0.2873026039269059,0.673469387755102,0.9856417579314452,18.0,0
0.5328142825691011,0.43877551020408156,0.28887452591075463,64.0,0
0.23107099253447552,0.5816326530612245,0.9627259453895541,51.0,0
0.6823749574685267,0.020408163265306124,0.3901194670663328,49.0,0
0.047965494465904784,0.8673469387755102,0.38614285933500586,65.0,0
0.9462302103556632,0.7040816326530611,0.340942840445173,42.0,0
0.8940515981826551,0.01020408163265306,0.5422984240691142,57.0,1
0.21748093589256048,0.8775510204081631,0.1543903329831695,62.0,0
0.591127434301383,0.43877551020408156,0.5546228113803923,18.0,1
0.7447311010147509,0.01020408163265306,0.5425961245418447,33.0,1
0.6728779296679543,0.8163265306122448,0.7631601705185295,56.0,1
0.3195064347617237,0.346938775510204,0.835027916646581,22.0,0
0.15801693253007223,0.9897959183673468,0.4411638666542112,39.0,0
0.12060925084562577,0.8775510204081631,0.30282555367473446,46.0,0
0.24015771671036565,0.2959183673469387,0.2597555278040639,20.0,0
0.45393591257530574,0.07142857142857142,0.19493660050058886,29.0,0
0.3885875547905451,0.21428571428571425,0.05773202064797855,43.0,0
0.6600584432480036,0.43877551020408156,0.34300715029162343,33.0,0
0.4727898644997298,0.5816326530612245,0.2706865131258009,68.0,0
0.3288533514800953,0.3571428571428571,0.9680166502339037,54.0,0
0.014650841622800892,0.693877551020408,0.5586268154291056,39.0,0
0.14999099333506796,0.7755102040816326,0.3478442600347477,46.0,0
0.35076956948141624,0.9387755102040816,0.5814235267125909,31.0,0
0.37872025298721057,0.3061224489795918,0.1394170737999596,45.0,0
0.5489262053919901,0.4693877551020408,0.4447722703729194,22.0,0
0.33973140123691536,0.5510204081632653,0.6272665355619884,64.0,0
0.0,0.8061224489795917,0.4897011201116646,66.0,0
0.7466124932450013,0.6224489795918366,0.40243687049705007,47.0,0
0.8356083501791325,0.2959183673469387,0.9954933779316789,63.0,1
0.5531793527210136,0.5510204081632653,0.881770502286706,69.0,1
0.13299841882993416,0.1530612244897959,0.6244334577093226,22.0,0
0.243119908732462,0.11224489795918367,0.5703148006105446,29.0,0
0.4515941796929728,0.16326530612244897,0.6216834029440838,33.0,1
0.2810579829073514,0.1530612244897959,0.20163602027911828,43.0,0
0.339851490102676,0.11224489795918367,0.3957847431465106,43.0,0
0.8612673378299942,0.07142857142857142,0.03951365372983944,65.0,0
0.75181634409463,0.846938775510204,0.4763270697363602,38.0,0
0.8547224946460381,0.020408163265306124,0.5439180960131136,56.0,1
0.2053619678562136,0.1530612244897959,0.22811771737070116,53.0,0
0.8893481176070293,0.2959183673469387,0.9656241300843339,50.0,1
0.23008025939195006,0.22448979591836732,0.9109589242098554,47.0,0
0.5145207453515602,0.9285714285714285,0.7233353199052551,54.0,1
0.917558993655305,0.04081632653061224,0.5342640753394687,40.0,1
0.696175169625523,0.846938775510204,0.8714076547287415,27.0,1
0.06905109781238114,0.6530612244897959,0.13085847371137002,22.0,0
0.35738446450373273,0.2959183673469387,0.7918158387555234,53.0,0
0.21475892160198548,0.2040816326530612,0.12501722329346926,51.0,0
0.49457598622981,0.846938775510204,0.7955228759973232,69.0,1
0.36374917438904797,0.7040816326530611,0.27621559031289417,48.0,0
0.9401557152292697,0.21428571428571425,0.8785409467771943,27.0,1
0.5711626603686728,0.8265306122448979,0.9456040608793371,36.0,1
0.20446130136300864,0.7244897959183673,0.14903234285324723,49.0,0
0.01281948641995076,0.31632653061224486,0.4634351836260654,18.0,0
0.4459600104077017,0.32653061224489793,0.9826109292107846,22.0,1
0.9033384704681464,0.1530612244897959,0.4842015723664744,62.0,0
0.002782058723455355,0.7653061224489796,0.8649753133860983,21.0,0
0.7142385365170226,0.37755102040816324,0.5897012229579236,33.0,1
0.12203030242379362,0.9897959183673468,0.37594389017483343,41.0,0
0.5183836038668616,0.13265306122448978,0.2862482732094032,33.0,0
0.11292356343694335,0.3571428571428571,0.2035501889555864,19.0,0
0.016912515261293365,0.9795918367346937,0.7630563765654146,66.0,0
0.5473650501371015,0.22448979591836732,0.3871731759951363,45.0,0
0.6794728098793107,0.6632653061224489,0.5121160517313397,49.0,1
0.5803594660048436,0.8571428571428571,0.49313448185788866,44.0,0
0.7084742709605107,0.01020408163265306,0.578229639930415,37.0,1
0.1584772731821548,0.9183673469387754,0.8670083196693573,41.0,0
0.557422492644557,0.7346938775510203,0.982362481183362,29.0,1
0.6253827832596122,0.6530612244897959,0.40825195543524284,67.0,0
0.7745131397233953,0.7551020408163265,0.8288866570016487,52.0,1
0.9060704921642015,0.673469387755102,0.7657905298107268,50.0,1
0.27895642775653984,0.520408163265306,0.5744733111583906,50.0,0
0.37608830534595605,0.6224489795918366,0.9576291218507693,68.0,0
0.29672957988911797,0.22448979591836732,0.20079703180476685,60.0,0
0.7033404719492424,0.2551020408163265,0.10943468837584028,54.0,0
0.12130976922922962,0.6836734693877551,0.8553737796904374,29.0,0
0.8783800012008887,0.8265306122448979,0.4398701801215528,20.0,0
0.5625763064667855,0.5510204081632653,0.848369010141421,18.0,1
0.19495426615695613,0.05102040816326531,0.8945672406845244,50.0,0
0.9446690551007746,0.346938775510204,0.06255004986300264,57.0,0
0.8231091007345435,0.21428571428571425,0.8849257538516832,27.0,1
0.44786141744891217,0.42857142857142855,0.4490547030363819,60.0,0
0.3716550247182916,0.14285714285714282,0.511271673385088,61.0,0
0.08766487200528392,0.8673469387755102,0.627625322299527,46.0,0
0.24027780557612635,0.6020408163265305,0.9279151372329298,30.0,0
0.6975962212036907,0.11224489795918367,0.019136304846363045,29.0,0
0.11070191942037108,0.48979591836734687,0.47762666325128045,48.0,0
0.8055861337389669,0.4183673469387755,0.688856750286705,63.0,1
0.7353741768908992,0.37755102040816324,0.723899981814653,19.0,1
0.8344274763324862,0.8265306122448979,0.6936751578177944,68.0,1
0.417569001060785,0.44897959183673464,0.13464756481105025,67.0,0
0.949442587514761,0.346938775510204,0.29988299591581,52.0,0
0.9981786522026299,0.2959183673469387,0.35930181320315735,40.0,0
0.06681944639032886,0.8877551020408162,0.8057664677277364,34.0,0
0.36028661209294877,0.2959183673469387,0.27921288233977615,43.0,0
0.5421712066929528,0.7857142857142856,0.2110445332501288,25.0,0
0.5154914636831255,0.05102040816326531,0.959032332392377,46.0,1
0.25468846946740586,0.673469387755102,0.008866405150053613,43.0,0
0.1938034145267498,0.8061224489795917,0.9994724664080535,27.0,0
0.37232552088545523,0.061224489795918366,0.6779378362936719,43.0,0
0.17803174349018272,0.520408163265306,0.8298386185258753,51.0,0
0.6613894281768509,0.13265306122448978,0.29509884246880147,68.0,0
0.87316614294578,0.7346938775510203,0.014327485615230829,58.0,0
0.8961931829553871,0.14285714285714282,0.7390878171094933,24.0,1
0.7490543001821348,0.2040816326530612,0.8355233762155151,21.0,1
0.5235374176890899,0.346938775510204,0.7416987754582689,67.0,1
0.3540119688569542,0.6632653061224489,0.14307674990761232,62.0,0
0.9645437623841644,0.9183673469387754,0.7546721550658132,28.0,1
0.5711426455577128,0.01020408163265306,0.7701928432563038,46.0,1
0.7894341812941577,0.346938775510204,0.659626580918466,53.0,1
0.8205071753097293,0.8265306122448979,0.7673813152147508,42.0,1
0.9541260532794267,0.7857142857142856,0.8473198496796571,38.0,1
0.029251646218201477,0.19387755102040813,0.6146152751203181,53.0,0
0.9725296719572483,0.8265306122448979,0.08874075477753669,27.0,0
0.2061725677000981,0.09183673469387754,0.4884289809899915,54.0,0
0.2346736585072954,0.24489795918367346,0.07776711398745316,26.0,0
0.7818485679402758,0.6632653061224489,0.40821070925512476,41.0,0
0.4096831655425015,0.24489795918367346,0.4077734396778023,52.0,0
0.5682805275904169,0.5408163265306122,0.06610822162092263,66.0,0
0.9408061965854733,0.32653061224489793,0.3493903278212429,52.0,0
0.06584872805876349,0.3571428571428571,0.11117146707153656,65.0,0
0.44519944759121755,0.9591836734693877,0.8095708009372259,53.0,1
0.5460040429918139,0.13265306122448978,0.9492560704127943,35.0,1
0.1526829854092028,0.6530612244897959,0.07242536524490807,66.0,0
0.07509557072233455,0.8061224489795917,0.9566956320884155,56.0,0
0.2730520585233073,0.5408163265306122,0.5234360267021446,49.0,0
0.9423273222184416,0.520408163265306,0.3000533690198655,41.0,0
0.7927166102916158,0.020408163265306124,0.07697854231146264,40.0,0
0.748543922502652,0.9999999999999999,0.5014471031544271,49.0,1
0.8076476592678583,0.4081632653061224,0.7958282661455467,54.0,1
0.7403278426035266,0.05102040816326531,0.7082534636466988,29.0,1
0.523717550987731,0.24489795918367346,0.050298078916817764,66.0,0
0.6606989171987271,0.12244897959183672,0.0730117010900511,30.0,0
0.2939174989492225,0.9897959183673468,0.40353317686440116,40.0,0
0.7552789063907291,0.07142857142857142,0.2957710588214887,42.0,0
0.27748533915097173,0.2040816326530612,0.2327600297039488,52.0,0
0.9551568160438724,0.9897959183673468,0.281461250395746,58.0,0
0.4851890398895182,0.6836734693877551,0.8048104123510279,47.0,1
0.1386926325480856,0.24489795918367346,0.9307653272024127,34.0,0
0.6933730960911074,0.7959183673469387,0.40576630495996563,66.0,0
0.9613313852250664,0.6836734693877551,0.9076097419526713,37.0,1
0.3994355823309249,0.44897959183673464,0.32201994741016526,65.0,0
0.16323079078518102,0.6020408163265305,0.47721950371355604,42.0,0
0.45057342433400716,0.11224489795918367,0.2263941107895119,39.0,0
0.29590897263975346,0.31632653061224486,0.6415319958024304,30.0,0
0.5116185977623442,0.9693877551020408,0.9806013219885804,36.0,1
0.619018073374297,0.9285714285714285,0.6044874028974606,66.0,1
0.739667353841843,0.12244897959183672,0.35839886928963127,53.0,0
0.6217300802593919,0.3061224489795918,0.6488856369832026,29.0,1
0.12933570842423395,0.7857142857142856,0.12311392046129976,58.0,0
0.33003422532674187,0.19387755102040813,0.8901287295243923,36.0,0
0.854342213237796,0.173469387755102,0.5039108859022762,29.0,1
0.8369293277024998,0.9387755102040816,0.4500871077554142,26.0,0
0.5858935612353141,0.6020408163265305,0.5868297107295383,24.0,1
0.10563817224746311,0.6326530612244897,0.6258136591647718,45.0,0
0.5004903628685228,0.05102040816326531,0.07188379497374185,31.0,0
0.24532153793807418,0.31632653061224486,0.6837434198669354,48.0,0
0.03372495646778617,0.9387755102040816,0.24232330142732658,69.0,0
0.12625342753637694,0.42857142857142855,0.7151310640621192,36.0,0
0.10763965334347417,0.01020408163265306,0.8238942212505737,64.0,0
0.3269719592498449,0.6020408163265305,0.8052869696568097,33.0,0
0.8568340572023296,0.22448979591836732,0.5534102756211856,22.0,1
0.019914736905309927,0.836734693877551,0.5210253079427428,52.0,0
0.33898084582591115,0.3061224489795918,0.14310246674217064,29.0,0
0.24909432980405502,0.04081632653061224,0.7766269186469714,42.0,0
0.32376958949622725,0.836734693877551,0.271850137856832,69.0,0
0.3476672737825991,0.336734693877551,0.49751170892047075,38.0,0
0.5560014410663892,0.09183673469387754,0.2847362944919425,53.0,0
0.32877329223625484,0.8979591836734693,0.13403978698534263,40.0,0
0.40570021816143953,0.01020408163265306,0.6305954507582108,33.0,1
0.5775774072813883,0.1020408163265306,0.054410946594937525,56.0,0
0.9082320917478934,0.5,0.7498814946851833,62.0,1
0.9009967375858134,0.3061224489795918,0.31810452567862274,59.0,0
0.3536617096651522,0.5612244897959183,0.0001232633745805488,56.0,0
0.044372835898564944,0.7959183673469387,0.5119694848624676,31.0,0
0.8068770890458941,0.7346938775510203,0.04691835169742274,48.0,0
0.894371835158017,0.8775510204081631,0.2766182499577588,22.0,0
0.7468626783820027,0.836734693877551,0.7081432904939996,52.0,1
0.9743109901326983,0.08163265306122448,0.06278246463264499,40.0,0
0.4297279987190521,0.9999999999999999,0.8407259292609086,46.0,1
0.6735384184296379,0.2040816326530612,0.0038146359279838385,60.0,0
0.4500130096271241,0.7346938775510203,0.24722364509007225,28.0,0
0.9767127674479115,0.2755102040816326,0.742127412962506,35.0,1
0.37540780177331223,0.6224489795918366,0.31678568543395047,64.0,0
0.007465524488121211,0.061224489795918366,0.10205057806174805,29.0,0
0.5661989872505654,0.8061224489795917,0.3608227375923803,26.0,0
0.2971899205412005,0.1530612244897959,0.2708323500702094,27.0,0
0.34601605187839,0.9795918367346937,0.844104962193106,61.0,0
0.8009627124071814,0.030612244897959183,0.3138585822289592,34.0,0
0.4825570922482637,0.030612244897959183,0.7902358870220545,55.0,1
0.24219922742829694,0.39795918367346933,0.8933471499182958,24.0,0
0.8043452154594399,0.16326530612244897,0.4345288945061562,63.0,0
0.6219702579909133,0.520408163265306,0.9114482714611986,30.0,1
0.5482256870083863,0.9387755102040816,0.3779353502536669,57.0,0
0.5696115125192642,0.520408163265306,0.9656737820359012,59.0,1
0.8147028801312972,0.3571428571428571,0.08942670684228701,26.0,0
0.3816524227928667,0.37755102040816324,0.6881528029041016,67.0,0
0.4181494305786282,0.5,0.49462552359101786,44.0,0
0.6474190901266937,0.6326530612244897,0.3882833220477373,19.0,0
0.3412225046534436,0.6326530612244897,0.6337548903122491,22.0,0
0.7712607329423774,0.6224489795918366,0.7050186949601888,46.0,1
0.4001160859035686,0.9999999999999999,0.00435888862333521,54.0,0
0.6165062145988032,0.061224489795918366,0.16721972824826745,55.0,0
0.8285731441266537,0.26530612244897955,0.7142229710109864,36.0,1
0.27336228809318897,0.9285714285714285,0.6674845554656429,25.0,0
0.5553509597101856,0.8673469387755102,0.967646152942976,65.0,1
0.14149470608250106,0.13265306122448978,0.7622947079279262,62.0,0
0.8141224506134539,0.7142857142857142,0.9523458940273243,18.0,1
0.5092568500690511,0.8673469387755102,0.703699910240202,39.0,1
0.7377559393951524,0.04081632653061224,0.29853737690754345,69.0,0
0.7274383043452155,0.5510204081632653,0.10552890060439625,34.0,0
0.6625102575906171,0.01020408163265306,0.783115429270888,24.0,1
0.465744651041771,0.6224489795918366,0.6452112979151055,42.0,1
0.7689490222764847,0.9183673469387754,0.048254679377227654,62.0,0
0.6246922722814883,0.2040816326530612,0.3606389788957907,21.0,0
0.18250505373976741,0.7959183673469387,0.9583830483498228,53.0,0
0.30410503772791864,0.2040816326530612,0.5012236088721539,23.0,0
0.26131337189520243,0.09183673469387754,0.433438796892425,48.0,0
0.4284570582230851,0.8775510204081631,0.4584508892392315,36.0,0
0.07602625943197969,0.5816326530612245,0.2092192559014105,61.0,0
0.8438844745111382,0.38775510204081626,0.36931011369761,56.0,0
0.25383784000160114,0.04081632653061224,0.370418042550279,44.0,0
0.26644717090647074,0.6530612244897959,0.05243063647917763,27.0,0
0.24536156755999441,0.12244897959183672,0.7688354307647413,43.0,0
0.28792306306666937,0.8571428571428571,0.4171870478613565,36.0,0
0.07851810339651341,0.9081632653061223,0.823538722088339,56.0,0
0.6139843484178292,0.8571428571428571,0.8517537897450709,20.0,1
0.5400796589476212,0.5306122448979591,0.21233577286359095,62.0,0
0.07232351940435924,0.8265306122448979,0.6584375687556214,30.0,0
0.3362488241298561,0.44897959183673464,0.4730573952708497,67.0,0
0.7575405800292216,0.31632653061224486,0.8816122146491082,45.0,1
0.604887616836459,0.3571428571428571,0.21608864257955748,37.0,0
0.5970418109400957,0.8163265306122448,0.6789313911441591,45.0,1
0.3466665332345936,0.9999999999999999,0.6087535284660303,25.0,0
0.8330164321597984,0.6020408163265305,0.2957820606537843,58.0,0
0.176270440125693,0.1020408163265306,0.13681694917730694,56.0,0
0.8356183575846126,0.6326530612244897,0.6527143228755916,18.0,1
0.23831635410203553,0.2040816326530612,0.7398169700807883,20.0,0
0.4361427456317676,0.520408163265306,0.3161418079764741,30.0,0
0.9783239597302003,0.5510204081632653,0.6458958195900146,45.0,1
0.6514820967515962,0.2551020408163265,0.3957778960993641,66.0,0
0.175549906931129,0.6836734693877551,0.7143840717507902,42.0,0
0.8880671697055822,0.336734693877551,0.19953569214562242,50.0,0
0.2589015871745092,0.520408163265306,0.8916872454579436,55.0,0
0.9438684626623701,0.8265306122448979,0.28787702459234066,23.0,0
0.29153573644496933,0.9999999999999999,0.36838739507134477,61.0,0
0.4651642215239278,0.9387755102040816,0.05817713124825223,62.0,0
0.42491443668314555,0.520408163265306,0.11168643757594546,49.0,0
0.6475992234253347,0.2857142857142857,0.5167101373681537,62.0,1
0.5874547164902028,0.37755102040816324,0.2680270720850222,64.0,0
0.5008306146548446,0.4183673469387755,0.8368612313129569,38.0,1
0.8112102956187579,0.2040816326530612,0.014706226875303895,33.0,0
0.25517883233592864,0.4183673469387755,0.3797143053631687,38.0,0
0.33706943137922063,0.12244897959183672,0.337896212995845,28.0,0
0.6966054880611653,0.6428571428571428,0.01934819394379733,54.0,0
0.801983467766147,0.16326530612244897,0.12456405419785208,53.0,0
0.2171006544843184,0.08163265306122448,0.4143205206211634,52.0,0
0.039148970237976116,0.4081632653061224,0.4936744849358912,36.0,0
0.7082340932289894,0.0,0.40495200258766645,37.0,0
0.41843964533754985,0.01020408163265306,0.5318110428375047,35.0,1
0.9467105658187058,0.6020408163265305,0.5961120441295693,64.0,1
0.09850289214018373,0.47959183673469385,0.009928708969023476,58.0,0
0.02962192022096352,0.2857142857142857,0.46485710426553134,66.0,0
0.4172587714909033,0.9795918367346937,0.9650936410071419,31.0,1
0.859596101114825,0.09183673469387754,0.5198857994788839,32.0,1
0.869923743570242,0.5816326530612245,0.6786600066758341,48.0,1
0.4562176010247584,0.6020408163265305,0.3123720487856672,18.0,0
0.09463002621940234,0.2040816326530612,0.7752698881304122,20.0,0
0.023377299201409046,0.2755102040816326,0.7741982084465658,33.0,0
0.8408422232452015,0.7551020408163265,0.5221533404714152,40.0,1
0.19083121509917342,0.336734693877551,0.9776290839221802,28.0,0
0.015321337789964584,0.07142857142857142,0.12574783992548064,29.0,0
0.1125132598122611,0.5918367346938775,0.016964260756866478,27.0,0
0.30523587454716494,0.8673469387755102,0.7714303322400874,49.0,0
0.7171206692952785,0.7244897959183673,0.8084893285894866,33.0,1
0.9211616596281249,0.48979591836734687,0.12039594807514223,25.0,0
0.9962972599723796,0.7959183673469387,0.266013878112534,55.0,0
0.8623481376218403,0.16326530612244897,0.017569967204164108,29.0,0
0.0725937193523207,0.6020408163265305,0.2937858719582722,41.0,0
0.1957748734063207,0.8775510204081631,0.7744189678600197,45.0,0
0.6766507215339351,0.8877551020408162,0.51881226056072,25.0,1
0.9683765986830255,0.44897959183673464,0.34866417861819826,45.0,0
0.6507015191241519,0.836734693877551,0.37234729197847805,53.0,0
0.8362588315353361,0.693877551020408,0.0013442279211900781,43.0,0
0.3309448992254268,0.31632653061224486,0.3002886101014071,25.0,0
0.5173428336969358,0.43877551020408156,0.6475246678100081,67.0,1
0.9763625082561096,0.6530612244897959,0.9758066717406365,45.0,1
0.26251426055280913,0.8775510204081631,0.8484611362274319,45.0,0
0.8620979524848389,0.07142857142857142,0.023622640878731258,54.0,0
0.6926525628965434,0.7755102040816326,0.9000467587579896,58.0,1
0.02410783980145309,0.7244897959183673,0.7844922704581645,53.0,0
0.5392690591037368,0.8775510204081631,0.7816652762634341,44.0,1
0.22490643075876146,0.42857142857142855,0.458747536741548,34.0,0
0.6360706923123112,0.0,0.39865707274748835,26.0,0
0.48850149110341656,0.510204081632653,0.3034090040899,50.0,0
0.4968476672737826,0.2346938775510204,0.06579271138709562,37.0,0
0.745481656425755,0.9999999999999999,0.22860415425216946,30.0,0
0.6833456758000921,0.2346938775510204,0.24700304375836474,45.0,0
0.49114344615015115,0.16326530612244897,0.4848723223141877,65.0,0
0.5428216880491564,0.04081632653061224,0.7486786654995284,46.0,1
0.47613233793006826,0.19387755102040813,0.4745879665652635,30.0,0
0.7824690270800393,0.2040816326530612,0.05792921605359573,63.0,0
0.026609691171466887,0.5816326530612245,0.9593746840578894,52.0,0
0.22846906710966117,0.3061224489795918,0.9442840895529293,23.0,0
0.7723315253287433,0.1020408163265306,0.7864867193168879,35.0,1
0.3647599223425335,0.520408163265306,0.9929686892027048,68.0,0
0.42505454035986634,0.14285714285714282,0.5453782747733014,22.0,1
0.9224926445569721,0.836734693877551,0.9643615320531452,64.0,1
0.1874086824249945,0.061224489795918366,0.07571941230438882,42.0,0
0.4882112763444949,0.2755102040816326,0.36627864635856483,19.0,0
0.5791485699417569,0.510204081632653,0.2257453012812175,27.0,0
0.9213217781158056,0.5816326530612245,0.19614786362124406,47.0,0
0.9166683345675801,0.04081632653061224,0.1410259987966155,67.0,0
0.3302643956527831,0.04081632653061224,0.6234394870260436,62.0,0
0.7570902467826192,0.9489795918367346,0.7826125848781558,22.0,1
0.8726757800772571,0.9693877551020408,0.5792507093030421,50.0,1
0.9576686748193664,0.07142857142857142,0.14719602718052954,18.0,0
0.6044572984008166,0.6428571428571428,0.8124641757941703,35.0,1
0.7541380621660029,0.09183673469387754,0.6370031241892581,49.0,1
0.6666132938374397,0.37755102040816324,0.38880108433941146,64.0,0
0.3479775033524809,0.9693877551020408,0.6752423473462086,66.0,0
0.3192962792466425,0.9285714285714285,0.2603265599978167,28.0,0
0.7253867862218042,0.8163265306122448,0.3457559543000898,38.0,0
0.1293657306406741,0.9591836734693877,0.9190035436437451,43.0,0
0.3727858615375378,0.07142857142857142,0.2909770926939343,42.0,0
0.3153833837039409,0.24489795918367346,0.47076003617686446,39.0,0
0.638392410383684,0.7346938775510203,0.8916132570920157,44.0,1
0.009477012989612316,0.6632653061224489,0.7088893949156098,66.0,0
0.7097352040509978,0.7959183673469387,0.06229525840421484,30.0,0
0.7623841642815684,0.5,0.14753692917426225,50.0,0
0.4749214418669816,0.673469387755102,0.007843007748977364,51.0,0
0.2921862178011728,0.48979591836734687,0.6319618178991184,58.0,0
0.8727658467265778,0.3571428571428571,0.44840799687855226,52.0,0
0.4217821187678883,0.6836734693877551,0.13448701913739766,18.0,0
0.13230790785181032,0.7857142857142856,0.9595192446931864,38.0,0
0.61231311170266,0.4081632653061224,0.5305309581522001,65.0,1
0.013760182535075965,0.8979591836734693,0.2422848512388292,23.0,0
0.9888817725116585,0.6224489795918366,0.5014263717390842,45.0,1
0.9136460981126033,0.09183673469387754,0.6807415358733558,34.0,1
0.2661969857694694,0.2040816326530612,0.07635464676971689,22.0,0
0.05027720513179754,0.3571428571428571,0.2751500639421023,48.0,0
0.8219782639152973,0.11224489795918367,0.8082989653206347,22.0,1
0.13456958149030282,0.9183673469387754,0.46041943037789756,55.0,0
0.7258871564958069,0.01020408163265306,0.5474765758371551,20.0,1
0.8380901867381862,0.12244897959183672,0.4335258078792054,40.0,0
0.4551267938274324,0.5306122448979591,0.043961465188905896,54.0,0
0.07436503012229048,0.31632653061224486,0.166014413528841,54.0,0
0.5016912515261294,0.9591836734693877,0.4462726567406145,27.0,0
0.8039449192402377,0.1530612244897959,0.209522501942997,27.0,0
0.6387526769809659,0.31632653061224486,0.050050684417556786,36.0,0
0.7360346656525829,0.31632653061224486,0.8450442872371255,34.0,1
0.09023677521365811,0.9897959183673468,0.9828164221778625,38.0,0
0.20908472269479414,0.1020408163265306,0.7944533075508177,31.0,0
0.7691591777915657,0.09183673469387754,0.8551964393234344,26.0,1
0.678792306306667,0.14285714285714282,0.24236882718932645,63.0,0
0.23778596161159257,0.16326530612244897,0.9622165878613983,18.0,0
0.3753477573404319,0.39795918367346933,0.19724230522624614,68.0,0
0.24818365590536998,0.173469387755102,0.9530040919804095,62.0,0
0.21150651482096752,0.5510204081632653,0.996465901396951,30.0,0
0.7747232952384765,0.7346938775510203,0.7128975204094047,21.0,1
0.9088125212657368,0.24489795918367346,0.9827675434653612,18.0,1
0.8727058022936973,0.5918367346938775,0.5704774897301302,66.0,1
0.21382823289234035,0.7857142857142856,0.25996275852053646,57.0,0
0.27043011828753283,0.8979591836734693,0.4377126587717422,49.0,0
0.8705041730880851,0.21428571428571425,0.5945386863412206,51.0,1
0.573544422872926,0.2959183673469387,0.07319172733504271,45.0,0
0.44036587074435085,0.846938775510204,0.6233689927661481,48.0,1
0.07758741468686828,0.8571428571428571,0.9828017052853163,25.0,0
0.31561355402998226,0.43877551020408156,0.19041288555972652,56.0,0
0.93114905029722,0.31632653061224486,0.7939046367866246,43.0,1
0.27042011088205276,0.510204081632653,0.9094005136648365,51.0,0
0.292026099313492,0.4591836734693877,0.9452629922939588,20.0,0
0.9622520665292316,0.2040816326530612,0.9617243976884805,67.0,1
0.4454196105117787,0.9999999999999999,0.5223172042282541,29.0,1
0.11693653303444548,0.31632653061224486,0.9789253257407639,18.0,0
0.2598823129115545,0.9489795918367346,0.7585609113134053,61.0,0
0.1297460120489162,0.38775510204081626,0.16192927176580033,22.0,0
0.14238536517022596,0.11224489795918367,0.4776833958114121,47.0,0
0.8919200208154034,0.4693877551020408,0.7195169055087486,47.0,1
0.06484798751075796,0.173469387755102,0.24774095257071743,34.0,0
0.9778035746452376,0.2040816326530612,0.6416713691098507,65.0,1
0.8195864940055642,0.12244897959183672,0.6676999794261012,64.0,1
0.6886896303264416,0.2040816326530612,0.16295929342050366,40.0,0
0.41816944538958833,0.07142857142857142,0.5660155974766432,32.0,1
0.7592818685827513,0.4591836734693877,0.7729014796323441,54.0,1
0.17434901827352242,0.061224489795918366,0.4997156182154125,38.0,0
0.23368292536476995,0.22448979591836732,0.012111637279294872,31.0,0
0.5095270500170126,0.9693877551020408,0.00904188112955392,19.0,0
0.6052979204611413,0.7551020408163265,0.3576128210648798,28.0,0
0.7879530852831095,0.8673469387755102,0.9277262846606475,68.0,1
0.5228569141164462,0.21428571428571425,0.22904630615739435,56.0,0
0.030352460821007565,0.8979591836734693,0.6354094538331451,55.0,0
0.7725516882493045,0.21428571428571425,0.2224343942099642,51.0,0
0.21998278726257428,0.9285714285714285,0.3221945263427121,55.0,0
0.5290915277305206,0.2857142857142857,0.8494440345090096,67.0,1
0.44385845525689016,0.12244897959183672,0.7300647252799954,51.0,1
0.9363228789304086,0.8265306122448979,0.09554664396025926,35.0,0
0.9789544262754439,0.01020408163265306,0.429404969072038,47.0,0
0.3372095350559414,0.2857142857142857,0.029206732495784413,32.0,0
0.5324740307827793,0.8571428571428571,0.4816800869335197,44.0,0
0.3918299541660829,0.7959183673469387,0.6635265670074431,68.0,0
0.8187158497287994,0.520408163265306,0.1186885011504,51.0,0
0.28563136721173665,0.26530612244897955,0.28935482628024045,69.0,0
0.5331044973280228,0.5,0.3984881241438241,55.0,0
0.4887716910513781,0.9591836734693877,0.9210521342753346,50.0,1
1.0,0.7959183673469387,0.9948990153623074,41.0,1
0.6340291815943798,0.22448979591836732,0.044974507368675094,32.0,0
0.3215979825070553,0.8877551020408162,0.7622647913877217,47.0,0
0.055701218901987454,0.43877551020408156,0.37233203809013904,59.0,0
0.07369453395512679,0.7755102040816326,0.3931007195653253,68.0,0
0.1280647679282669,0.21428571428571425,0.7555106014340564,34.0,0
0.1993675319736605,0.42857142857142855,0.9199457005224367,22.0,0
0.7695794888217281,0.36734693877551017,0.9525020406457703,46.0,1
0.019214218521706072,0.6122448979591836,0.5780729359608678,21.0,0
0.4826571663030643,0.9795918367346937,0.35770478944209555,27.0,0
0.26390528991453677,0.5612244897959183,0.7888501951425968,34.0,0
0.8497888437443708,0.020408163265306124,0.25140812263731616,27.0,0
0.8271220703320457,0.6326530612244897,0.5650026281514853,34.0,1
0.2634449492624542,0.18367346938775508,0.35916452083958733,37.0,0
0.38126213397914455,0.22448979591836732,0.6577139561126645,41.0,0
0.2297600224165883,0.2857142857142857,0.24078797903944937,22.0,0
0.18592758641394633,0.2959183673469387,0.19190065734661318,51.0,0
0.8553329463803214,0.38775510204081626,0.9197580427668096,23.0,1
0.9992494445889959,0.24489795918367346,0.10196172508295359,19.0,0
0.21518924003762782,0.07142857142857142,0.5067896334484175,30.0,0
0.3931008946620499,0.5816326530612245,0.22120926771803537,60.0,0
0.057202329723995776,0.1530612244897959,0.038983201426536995,60.0,0
0.3641094409863299,0.7244897959183673,0.03606720381254174,65.0,0
0.6890699117346837,0.0,0.17550219465273817,28.0,0
0.0865740648079579,0.04081632653061224,0.8682035175074505,68.0,0
0.7431299161379421,0.020408163265306124,0.28293795287916107,64.0,0
0.82971398835138,0.6530612244897959,0.9520318342370477,40.0,1
0.8555631167063626,0.030612244897959183,0.5825801434610409,33.0,1
0.306696955747253,0.9999999999999999,0.43733032662703325,48.0,0
0.39078918399615714,0.9693877551020408,0.581044129023792,28.0,0
0.61773712547285,0.6428571428571428,0.5175480142125249,33.0,1
0.828803314452695,0.9897959183673468,0.7600294016854272,25.0,1
0.3879570882453015,0.8979591836734693,0.2829553037489745,21.0,0
0.05599143366090906,0.09183673469387754,0.35362723619026726,57.0,0
0.4483217581009947,0.2040816326530612,0.8955730117494867,21.0,1
0.536046674539159,0.4591836734693877,0.9480225047933628,42.0,1
0.5207653663711146,0.9183673469387754,0.8940343762233851,20.0,1
0.15202249664751918,0.26530612244897955,0.4201355165303866,49.0,0
0.004663450953705739,0.6632653061224489,0.7816546379959458,20.0,0
0.687508756479795,0.4081632653061224,0.47711808189244126,44.0,0
0.47812381162059925,0.12244897959183672,0.49835754582558095,46.0,0
0.11484498528911394,0.08163265306122448,0.20500963562608365,49.0,0
0.28502091547745334,0.3571428571428571,0.5921040026068688,67.0,0
0.7908152032504053,0.8673469387755102,0.18643451302667022,68.0,0
0.5100474351019755,0.9081632653061223,0.33210572921460607,36.0,0
0.3449652743029842,0.5816326530612245,0.8564437949924126,38.0,0
0.08658407221343797,0.5408163265306122,0.2074093291657369,22.0,0
0.6544342813682125,0.11224489795918367,0.07126524457649475,35.0,0
0.7473930708724457,0.8163265306122448,0.06911096703228779,45.0,0
0.050527390268798905,0.7857142857142856,0.9423410575169201,59.0,0
0.49244440886255836,0.13265306122448978,0.5077537681143426,39.0,1
0.5459540059644137,0.336734693877551,0.410082865538722,38.0,0
0.8250405299921941,0.5306122448979591,0.8122185781638636,23.0,1
0.29720993535216056,0.19387755102040813,0.8372075097312842,18.0,0
0.8571142645557712,0.7551020408163265,0.33273310729754174,22.0,0
0.6009647138882773,0.1530612244897959,0.6947625933814081,58.0,1
0.26548645998038545,0.9591836734693877,0.7723965442308247,29.0,0
0.2997718311550548,0.7040816326530611,0.6557302681692926,43.0,0
0.28970438124211917,0.5612244897959183,0.15183611406941466,63.0,0
0.8331064988091188,0.836734693877551,0.8773314365017559,51.0,1
0.6203190360867041,0.5816326530612245,0.5399815138330852,66.0,1
0.2610231571362809,0.030612244897959183,0.2829316247413361,31.0,0
0.06098512899545663,0.030612244897959183,0.4259253429962531,43.0,0
0.21760102475832113,0.19387755102040813,0.037622063398184476,62.0,0
0.41658827532373954,0.09183673469387754,0.12806828789692537,44.0,0
0.6427556391729881,0.2346938775510204,0.7668111841666287,26.0,1
0.5117286792226248,0.9999999999999999,0.0,43.0,0
0.2053619678562136,0.2551020408163265,0.4172485467815596,64.0,0
0.526269439385145,0.36734693877551017,0.5233694977385853,39.0,1
0.3004923643496188,0.8571428571428571,0.054713835818038375,64.0,0
0.4990693112903549,0.5408163265306122,0.9746885301711038,47.0,1
0.32945379580889866,0.2040816326530612,0.2264906048011232,60.0,0
0.6928927406280648,0.7448979591836734,0.3046941335068748,65.0,0
0.46141144446890703,0.37755102040816324,0.304437499054233,34.0,0
0.7529972179412766,0.4591836734693877,0.2307890888765741,43.0,0
0.4338010127494346,0.030612244897959183,0.0014646246470375814,53.0,0
0.3946820647278987,0.6020408163265305,0.7305488827958782,18.0,0
0.5224766327082041,0.5714285714285714,0.9684454777887339,25.0,1
0.38527510357664674,0.44897959183673464,0.22465570333409726,66.0,0
0.7431399235434222,0.19387755102040813,0.6641407692180453,52.0,1
0.9532754238136221,0.16326530612244897,0.7431213377826633,69.0,1
0.963583051458079,0.7142857142857142,0.849827962902259,32.0,1
0.4876308468266517,0.030612244897959183,0.42332202232542016,64.0,0
0.35454236134739714,0.9387755102040816,0.3034242061953154,39.0,0
0.7443608270119889,0.13265306122448978,0.3258257134494923,31.0,0
0.7465824710285611,0.020408163265306124,0.7137975455146732,43.0,1
0.22387566799431577,0.8877551020408162,0.8181292998315971,45.0,0
0.616666333086484,0.8061224489795917,0.1819050454370898,40.0,0
0.6346996777615436,0.5816326530612245,0.37154767456789906,31.0,0
0.4912935572323519,0.5510204081632653,0.9034319842651538,41.0,1
0.06312671376818849,0.030612244897959183,0.8080265407833432,19.0,0
0.27384264355623156,0.2346938775510204,0.9864884064109715,62.0,0
0.4497728318956028,0.336734693877551,0.7554938599091516,43.0,1
0.8387106458779496,0.2959183673469387,0.3938389628917342,31.0,0
0.8865760662890538,0.8265306122448979,0.591610712447311,68.0,1
0.5696715569521446,0.18367346938775508,0.6621044429638501,24.0,1
0.5004603406520826,0.3061224489795918,0.07857493995503746,20.0,0
0.5230470548205672,0.6020408163265305,0.5453929254574494,64.0,1
0.8106098512899547,0.6020408163265305,0.7104915392865695,40.0,1
0.23355282909352923,0.18367346938775508,0.1675885572791361,63.0,0
0.984058203070272,0.48979591836734687,0.781921296166713,60.0,1
0.5083862057922863,0.6326530612244897,0.5847342156277759,64.0,1
0.7589316093909493,0.836734693877551,0.9537973874577087,62.0,1
0.8190561015151212,0.21428571428571425,0.04248135767129353,35.0,0
0.685677401276945,0.2346938775510204,0.2657567548245243,55.0,0
0.6217931558764309,0.3623982892316626,0.7178399903954198,43.0,1
0.8950039635847102,0.06919506232857105,0.6298109109943933,43.0,1
0.7128733332791889,0.7708621818831785,0.8564528272963761,43.0,1
0.5140364536362121,0.8365052449971381,0.6874021338549735,43.0,1
0.9050381143785824,0.65676038506547,0.6588604851685033,43.0,1
0.7347905103757864,0.024819857335886278,0.6107075284010755,43.0,1
0.7191010655892693,0.48387889259657774,0.7912387543160511,43.0,1
0.9190755212674162,0.17412081119618988,0.9093918644525416,43.0,1
0.8702840860212551,0.3535762013798062,0.6264357799265493,43.0,1
0.9743575055778941,0.9774142769608642,0.76331841433937,43.0,1
0.6733028735585982,0.780713215082627,0.7000966572027729,43.0,1
0.9863668912571824,0.38992666478934074,0.7029949064598258,43.0,1
0.6330365624066878,0.6588645973807098,0.9052328770890034,43.0,1
0.49145663467695067,0.4917371121660985,0.8473637729687015,43.0,1
0.5936390692109317,0.3410208375561215,0.5313316443778755,43.0,1
0.4177744713094006,0.46531374908930295,0.7391022351788651,43.0,1
0.6924913552670261,0.7719561315858469,0.900423305735514,43.0,1
0.5967678696242568,0.5370014293212682,0.6499504570961314,43.0,1
0.9538773431635696,0.6037204046499703,0.8168539123851736,43.0,1
0.4450504605813268,0.7924947585211155,0.5714410711259652,43.0,1
0.6772507732633627,0.8877551020408162,0.7338166501271719,43.0,1
0.722706211245397,0.5102549564411026,0.8246771146056707,43.0,1
0.9999870725043019,0.793895799853233,0.993869464839466,43.0,1
0.9349858280395038,0.05005169933146691,0.8965461281700363,43.0,1
0.6296477476444954,0.22380801179240065,0.7032437794989657,43.0,1
0.8596058621810703,0.09572741420611736,0.5211821376380198,43.0,1
0.6323500973419527,0.5679098363204865,0.888005691970278,43.0,1
0.46198484910604287,0.6743905804997408,0.6768051301561122,43.0,1
0.8554504577798183,0.20541901343660965,0.7476148846618583,43.0,1
0.9107492075558148,0.18357037830449563,0.8617537173316973,43.0,1
0.7563601188158094,0.5767409836151608,0.5522795532027824,43.0,1
0.5936445625691518,0.42364030055722635,0.5455341918319516,43.0,1
0.930743912817025,0.4488601325199207,0.9606933039451203,43.0,1
0.7592283619164497,0.5168595230505633,0.8005356922436798,43.0,1
0.4189908393368773,0.6735839818903766,0.5667427964044341,43.0,1
0.6475992234253347,0.32216518418816503,0.6409064105986205,43.0,1
0.85630500157744,0.2820314692492191,0.682526889819491,43.0,1
0.776945517604285,0.31780687238380917,0.778468950451124,43.0,1
0.8332784232826069,0.8354066384556446,0.8534286762677661,43.0,1
0.5515531084085691,0.14608242877211622,0.8242294138876266,43.0,1
0.41017354256878014,0.39508420643044656,0.9151305475124544,43.0,1
0.5716328997420448,0.012624852479298539,0.7744682994072432,43.0,1
0.8552302808208665,0.3612873967491443,0.890186004889795,43.0,1
0.9979999665110926,0.38506226909281344,0.7642165749401031,43.0,1
0.5975499867119838,0.7433458290001598,0.7064921051684597,43.0,1
0.7746128932989305,0.7454149895151377,0.7738306138907158,43.0,1
0.7495073886443763,0.1803025792507841,0.77637911660223,43.0,1
0.8289389458920247,0.2158903442121667,0.6032722595125956,43.0,1
0.6941022285070708,0.80302574038899,0.8821055036926648,43.0,1
0.6236155636495145,0.36639522346072195,0.8110348710763179,43.0,1
0.7198543119807023,0.6740271908146637,0.6820606632244446,43.0,1
0.9865463113073631,0.382165310705194,0.6968611301958424,43.0,1
0.6127010297324259,0.4081632653061224,0.5605998268124964,43.0,1
0.8694251714035155,0.40410639920462116,0.7945056185028796,43.0,1
0.9971108435251468,0.3438962505518256,0.7648055286773882,43.0,1
0.7910318270746914,0.7296660768600259,0.7017416004320446,43.0,1
0.80948150958902,0.5281900584892386,0.7429975303965257,43.0,1
0.9222471866005431,0.8054494492932097,0.7306107645558966,43.0,1
0.6047202938124597,0.5259651094804976,0.67252348558783,43.0,1
0.7876393321147194,0.4754456999686038,0.9175927879666187,43.0,1
0.9647845144812268,0.8477908082685309,0.7316869753337634,43.0,1
0.7356379447684039,0.353100863703586,0.7722792702549477,43.0,1
0.9875044372437096,0.37298245786807693,0.653179093240707,43.0,1
0.7603901253257285,0.49999939645465663,0.7782574432255677,43.0,1
0.7723280002226907,0.10290842654185825,0.786260898362417,43.0,1
0.7468619151668159,0.8345112233014832,0.7081586912793429,43.0,1
0.4182076565594447,0.16021017338578464,0.5252686695870582,43.0,1
0.7746754255823874,0.7393424910149168,0.7393177648487977,43.0,1
0.79135872019616,0.7490930284313598,0.7454583087403359,43.0,1
0.5851346952927016,0.5690223755599045,0.5832084993992299,43.0,1
0.8548119913188195,0.09949631212023202,0.623285772208159,43.0,1
0.9307651213970474,0.6997146976294348,0.8417300347769705,43.0,1
0.835616099911114,0.556685619312598,0.7300453743741211,43.0,1
0.4189871505128602,0.6730466503616098,0.5675963484301525,43.0,1
0.5711554402191269,0.5320487087604131,0.8823261600380886,43.0,1
0.787656676987362,0.4971107467647141,0.9181529869615307,43.0,1
0.531260208163847,0.32200295735116097,0.822629049586828,43.0,1
0.8196412713825767,0.15192743745227047,0.6967835142267722,43.0,1
0.8948050886678569,0.056876443492065804,0.6115363721216779,43.0,1
0.812233704562815,0.6539309489965258,0.8222993344068203,43.0,1
0.49168701320466024,0.40798795554181844,0.7681565472143467,43.0,1
0.5090527327145914,0.8123243598967772,0.6758091131560195,43.0,1
0.49319561099437037,0.06173032480778115,0.8070521513407132,43.0,1
0.796128083678589,0.9319453939071928,0.6498385387175807,43.0,1
0.46184288340709556,0.368884514274975,0.8006485172874965,43.0,1
0.9773452194909675,0.6907369755141122,0.8781651921221456,43.0,1
0.8609075404575832,0.6502277268969894,0.7458816412293738,43.0,1
0.5693610625474265,0.27883997903876445,0.892270655376944,43.0,1
0.5740029292658139,0.45783460386406954,0.6449491500037821,43.0,1
0.5344147231860713,0.22146593162005532,0.7642639708704968,43.0,1
0.6214874989797183,0.5383080433961649,0.8028445010368791,43.0,1
0.6891223452792578,0.6976810754274932,0.9082926015743157,43.0,1
0.7498123517093062,0.1642974641109783,0.7365705225024098,43.0,1
0.5230279895988467,0.6010176630796705,0.5595326134794477,43.0,1
0.7730621220639389,0.29529279226329774,0.7640079565192339,43.0,1
0.4182910645708863,0.04387093353655969,0.5506198508702623,43.0,1
0.737160121509655,0.6154661438172688,0.7417158157592164,43.0,1
0.5968794541915065,0.6507789749028587,0.6617552663646389,43.0,1
0.9845623929703005,0.4679856673066402,0.7646847162069176,43.0,1
0.5929571331263473,0.87172823442004,0.6576934601660694,43.0,1
0.44563531199019324,0.7311836221626661,0.7060441770361885,43.0,1
0.5158082968604456,0.0748526972810197,0.9152421439745045,43.0,1
0.761835269595874,0.15871387897192318,0.6004327458327137,43.0,1
0.5707649840035789,0.7480483045588254,0.9507494464472154,43.0,1
0.6481917863574839,0.32419891041071985,0.6968932150943582,43.0,1
0.592115840789363,0.961281530183914,0.7145884179901971,43.0,1
0.5230574524185883,0.4571476000881477,0.6820077952441258,43.0,1
0.855280829323632,0.3977190988649262,0.9274154604284046,43.0,1
0.8922892730917296,0.38984355497808926,0.6888174203837905,43.0,1
0.9672796715481409,0.2562993323824638,0.7232899622365269,43.0,1
0.6182827537438775,0.7645590415417367,0.5545804245695459,43.0,1
0.4500337056153426,0.31188847586799984,0.7363280357326958,43.0,1
0.8687462123342082,0.44458431342887544,0.8390004329217514,43.0,1
0.7191273405183609,0.4905116931109764,0.7874303768257465,43.0,1
0.8961693502275851,0.14138090696842373,0.7368978370076861,43.0,1
0.736473320465106,0.4805163527627685,0.8144574740648479,43.0,1
0.9217660209013723,0.7165423694773875,0.6277847117517296,43.0,1
0.4621765566808077,0.8820393547039308,0.60697523157779,43.0,1
0.8875110522245699,0.47529224911568796,0.7209928520517963,43.0,1
0.7127595338855874,0.7848424108049985,0.8458530269791753,43.0,1
0.41808937976152283,0.1880559467941154,0.5398560091545618,43.0,1
0.41810484433211825,0.1655295228681796,0.5449086991805886,43.0,1
0.7725863935982951,0.16945666192471479,0.7786450152687973,43.0,1
0.5230761248226374,0.19694282278547934,0.9273460014896876,43.0,1
0.6475992234253347,0.37337852886611356,0.8154016031718978,43.0,1
0.6532388377053475,0.7703073891726012,0.7752089808907052,43.0,1
0.5709985338529887,0.027197598605183518,0.7596042195880366,43.0,1
0.6737200190677368,0.7457534592988498,0.6381904574682299,43.0,1
0.6387734784578062,0.6448939847851891,0.8425387954174705,43.0,1
0.4250482218892686,0.3683498189083102,0.8216338784021572,43.0,1
0.9310175794922926,0.3655839252061378,0.983557339602275,43.0,1
0.9224689697558006,0.833717183441492,0.9418159074390181,43.0,1
0.830657262622136,0.7416492177036764,0.9169558501456917,43.0,1
0.5355156642719192,0.3818342099647093,0.8882304846321221,43.0,1
0.7768287098634201,0.3459988625493742,0.7346776397851155,43.0,1
0.5848891164779676,0.5583371819143551,0.5820366286688922,43.0,1
0.7459828088815199,0.33780067767230365,0.7641063063576377,43.0,1
0.5298109467526732,0.43894325198140516,0.901520448718356,43.0,1
0.42850253740609334,0.3842486294852431,0.6942045140503219,43.0,1
0.4838416597987998,0.8210924274531818,0.8262841092615307,43.0,1
0.48695557044600957,0.4138829766614205,0.6547089723602068,43.0,1
0.7713213990735713,0.5296613700150188,0.7128066735609812,43.0,1
0.7852635568653491,0.1525206972892671,0.7413378388727844,43.0,1
0.41867037217780445,0.37170319688265413,0.5697865501544221,43.0,1
0.42547049911010126,0.1664797744683956,0.5566028120602975,43.0,1
0.4190819100537264,0.686849772636532,0.5456700657755006,43.0,1
0.5783673790622902,0.07901817073577601,0.6856726253121672,43.0,1
0.6428776166897175,0.2346938775510204,0.7313152886658062,43.0,1
0.9629313610278025,0.4644743826307719,0.9046158377697764,43.0,1
0.7353571988302763,0.3587117832007669,0.7229492809651099,43.0,1
0.7477028868757323,0.9183271855630883,0.6048460416940146,43.0,1
0.6309892048737605,0.2926793135643789,0.7692574223176559,43.0,1
0.4179611498242495,0.2791498875221522,0.6572954582605559,43.0,1
0.7713430456423586,0.4965533848214899,0.7155855389868555,43.0,1
0.4487609947334653,0.24423540299586705,0.8531713812036742,43.0,1
0.5396803950932952,0.7806709075138109,0.777845969381345,43.0,1
0.8701979572158272,0.40808609800238943,0.6389183787756912,43.0,1
0.7848907831065375,0.2122506822532806,0.7345703565367847,43.0,1
0.8447302239189751,0.5434956928630368,0.7756385612112076,43.0,1
0.6546538922040057,0.6312485958238291,0.8135729643784607,43.0,1
0.6533709302136266,0.751800568197294,0.7792802717380191,43.0,1
0.8915477661979014,0.44427997484934184,0.7551382113380457,43.0,1
0.8271486096210765,0.6259345010665232,0.5677317807439521,43.0,1
0.678446815507469,0.7448804928070015,0.5145505157632254,43.0,1
0.8356161463563192,0.5582484331700942,0.7284545081312269,43.0,1
0.8462282859120123,0.22521262016164706,0.5568121535754078,43.0,1
0.4453655585649301,0.8210088721977739,0.8473636874364021,43.0,1
0.44216009982859206,0.4747500257732179,0.6781812917251182,43.0,1
0.4505831010187551,0.25956278365092605,0.6959651516688808,43.0,1
0.8705272947677698,0.18923611709780286,0.6233653460354311,43.0,1
0.5614091608197085,0.1848408291057966,0.9052823531816251,43.0,1
0.4181697746716695,0.07135395954366634,0.5659739137271751,43.0,1
0.8552092640535274,0.4114013013786266,0.9379303512927228,43.0,1
0.8891131192295356,0.2078239500696388,0.9364134302823072,43.0,1
0.6732301212792116,0.7868103727035313,0.7108934104703643,43.0,1
0.523076209238191,0.19576647022315868,0.9284551441831609,43.0,1
0.6927496615083841,0.7774790912339827,0.8992573384622975,43.0,1
0.6295993668829544,0.22478294443290886,0.7022175782476456,43.0,1
0.9644410707770128,0.8965528028566513,0.7648434798329328,43.0,1
0.9199430766052905,0.33013124957557366,0.8770828288893425,43.0,1
0.6729497171632769,0.8103102287467704,0.7525065953834252,43.0,1
0.7456061590898678,0.5371559730050218,0.7957054065897607,43.0,1
0.6558639919497136,0.6608509971566062,0.8332083174083743,43.0,1
0.7256523833440317,0.040127476995261126,0.5875563243946585,43.0,1
0.8465922027856438,0.1384452527546862,0.5213012417947468,43.0,1
0.6787646424312053,0.7525117799373053,0.6630326622718421,43.0,1
0.8344824979815282,0.8175729915330607,0.6917826662863029,43.0,1
0.9307505888204508,0.5278237375460696,0.9232462333880737,43.0,1
0.4836365281088173,0.8182074184098057,0.7647707309268247,43.0,1
0.4876353521951913,0.4196496659025959,0.6529830727484002,43.0,1
0.4443370625980768,0.39148203016001587,0.6663750388267438,43.0,1
0.6539599898126143,0.6692703726222695,0.79743597931848,43.0,1
0.8702300310114102,0.3877869742325871,0.6342699417998899,43.0,1
0.5916609371227853,0.38655268284266325,0.5442622696367356,43.0,1
0.8305106785350305,0.7278827125456855,0.9224066307582454,43.0,1
0.4456668072436555,0.6919328946432195,0.7328707320462434,43.0,1
0.8297537248449649,0.5612216998840802,0.9410971093404429,43.0,1
0.44574023315586153,0.600426392677095,0.7954123551933745,43.0,1
0.7597826065562119,0.9000060798418641,0.7088699894283156,43.0,1
0.6633778982315032,0.7658788703079185,0.9398303150083178,43.0,1
0.4932745653497955,0.08906080926482283,0.9344481349144027,43.0,1
0.8286943738117254,0.20350001270171178,0.5533180358623734,43.0,1
0.8297402117941144,0.5924532468609137,0.9448156431171935,43.0,1
0.9622781576820205,0.21408310777037687,0.9595309040483483,43.0,1
0.5127806592806421,0.7260124963589294,0.6366781525218023,43.0,1
0.4838978678294307,0.8218829473221221,0.8431393589498712,43.0,1
0.9631709988661488,0.5563343282905019,0.884469388948576,43.0,1
0.49701155481615944,0.792253239575522,0.8893025289973692,43.0,1
0.908689126852662,0.29913049842058936,0.933257936494812,43.0,1
0.9044008252833844,0.5339850357652122,0.5704849289936774,43.0,1
0.5259881349176537,0.3652455983988535,0.5458499199458393,43.0,1
0.9971062406458813,0.22998198331787942,0.6819207643055386,43.0,1
0.9087494121057877,0.27263479027563026,0.9574462211505003,43.0,1
0.6484760905878266,0.3426633485500853,0.783342786025064,43.0,1
0.4142180846592769,0.3273639437761392,0.9119765041623622,43.0,1
0.48337771078198877,0.42142783532194,0.8648715062088355,43.0,1
0.5694575999597304,0.37195385415357585,0.9205643215757556,43.0,1
0.7839628406436349,0.6816755986241291,0.6854646961291242,43.0,1
0.8310112144374839,0.7748907488131112,0.9037940279385693,43.0,1
0.4596109364612375,0.48544685549578437,0.8780076719372608,43.0,1
0.5679663001287206,0.7218283934512847,0.6134182953262578,43.0,1
0.8286061113376353,0.24849856365032946,0.6704664691123557,43.0,1
0.6133596211193585,0.6893091774906991,0.7316770406127376,43.0,1
0.6946807925840006,0.8166370059787192,0.8835570721470963,43.0,1
0.7591790481493602,0.5700157671137444,0.8260044276108903,43.0,1
0.9314310543767774,0.2966714654958897,0.8010454565292344,43.0,1
0.7717697805713494,0.24029920703429225,0.7505009261557871,43.0,1
0.5858442822135091,0.5998966741650039,0.5865945575330566,43.0,1
0.7363739630647139,0.4433265774907541,0.8213855326574276,43.0,1
0.6138712711565025,0.5587204260058066,0.7155855285417037,43.0,1
0.7140998265579157,0.4238151438184352,0.6278084395885487,43.0,1
0.6308603779168598,0.2611966257280795,0.7531781190306528,43.0,1
0.769147212120625,0.4983819492657361,0.5986513717877461,43.0,1
0.7613780057707694,0.13685838870371403,0.7291795988245672,43.0,1
0.706831318928263,0.6000807900613315,0.6702097586388478,43.0,1
0.5936502892888547,0.5097694928757215,0.5603400728756024,43.0,1
0.7252002789049651,0.0977511864061887,0.6647382001862873,43.0,1
0.5969095289575926,0.6814448022082147,0.6649369507695035,43.0,1
0.8605597587394067,0.5441430356372652,0.7469811684724961,43.0,1
0.9811321240189512,0.6296514869016054,0.9010200782723443,43.0,1
0.42707237344239457,0.25745150476113987,0.5998289688889485,43.0,1
0.9781440648154223,0.3001941206357584,0.7037085661458129,43.0,1
0.6422902643939927,0.22794713606259492,0.7304086598340981,43.0,1
0.41184173027366366,0.4447985062037658,0.9688970879980205,43.0,1
0.6050254379510939,0.4434811768206998,0.7593155107270068,43.0,1
0.5704200317356034,0.6799712137167125,0.955212654666363,43.0,1
0.6479153980482546,0.30624858011821826,0.6128506712520497,43.0,1
0.8304806311032098,0.52637882420143,0.9038637086256298,43.0,1
0.6790038364754382,0.7223674615809468,0.6120583418428573,43.0,1
0.42009253328147966,0.4753715122101796,0.8627576071118388,43.0,1
0.7458270438437058,0.42024486270621497,0.7771742414836864,43.0,1
0.7461829497785559,0.2318689912062601,0.7473154507507589,43.0,1
0.5227890742099615,0.5881960416243837,0.7367237897478134,43.0,1
0.5918314083798014,0.9771325032655633,0.7286115439466173,43.0,1
0.707933058933512,0.35182458169511954,0.5225308972842911,43.0,1
0.6789385422695172,0.7305961335632254,0.6259731020763128,43.0,1
0.5515271343724728,0.16925637101269572,0.8837277562700061,43.0,1
0.8333029937089926,0.8352168406489799,0.8500126354980728,43.0,1
0.9995534809012376,0.7260583545824006,0.9593380697368713,43.0,1
0.7691484629193772,0.4928978119264531,0.5960883719375801,43.0,1
0.9644771192840842,0.9042105050624957,0.7612729731190493,43.0,1
0.8923808665541226,0.37011252237581976,0.6812023769119907,43.0,1
0.9713616110573766,0.6471506052202757,0.8061822134319753,43.0,1
0.6925232033518905,0.7695757854049861,0.8902543953664275,43.0,1
0.8726730393016611,0.9681225199744931,0.5795435422578022,43.0,1
0.6131676311525253,0.6377308605693823,0.6947752898171587,43.0,1
0.7545421982876186,0.24535622562684273,0.7333813288947932,43.0,1
0.8287177502065235,0.23366525701904298,0.5398528132596414,43.0,1
0.8447002449958978,0.559955439387291,0.7611712100229219,43.0,1
0.8605153847817655,0.45825552942638137,0.6419731275001155,43.0,1
0.5711621316892755,0.8049678296106575,0.9409706772817513,43.0,1
0.8200951434953814,0.4514149865112691,0.834727218855645,43.0,1
0.7948870223425315,0.8768215382613526,0.7352167795007974,43.0,1
0.494075253321268,0.45793013318574144,0.8635957552243235,43.0,1
0.4993480700144529,0.5214365183690501,0.9528748195121769,43.0,1
0.6132871764300193,0.4081632653061224,0.6060340853754013,43.0,1
0.42882709498093285,0.35710355069551536,0.6471796673091458,43.0,1
0.8196116951565924,0.13601098473222378,0.6810802943101011,43.0,1
0.7343709499185873,0.19243572005531648,0.6111032373768155,43.0,1
0.8201087031288665,0.46375973811150634,0.8325109196809188,43.0,1
0.6631516227962119,0.5688034525732912,0.8989600199623753,43.0,1
0.4458311349345979,0.4337320962101567,0.953289710878954,43.0,1
0.5693583780924831,0.27625072378134213,0.8914838819356423,43.0,1
0.43892923252270655,0.5875342595756231,0.7999947514707642,43.0,1
0.4618987037244868,0.551825368387364,0.7220917567315872,43.0,1
0.6412510761459836,0.2116295464115937,0.6172343712190071,43.0,1
0.7456673399708399,0.504773816250368,0.7905726258662045,43.0,1
0.8554845635764465,0.15249889179238504,0.6976530974102433,43.0,1
0.5678747019823909,0.5889153849365187,0.6073979949639177,43.0,1
0.9778386512392041,0.21398294262115258,0.6480623129954693,43.0,1
0.7350770379678473,0.21659363251813749,0.6611932210508872,43.0,1
0.7361540093899,0.3609972522035135,0.8367226081117876,43.0,1
0.6475992234253347,0.36741018899781747,0.7950661491762616,43.0,1
0.8452115141768308,0.43746034382544696,0.7123931321779953,43.0,1
0.7543523808135658,0.17325011971809492,0.6881137410884554,43.0,1
0.8924487191466042,0.3554957399175617,0.6755611397765012,43.0,1
0.8286139788644049,0.3938385502755899,0.7223495337007949,43.0,1
0.4788249660716719,0.7309492379377036,0.6946668003877452,43.0,1
0.7336696893123626,0.5344549775197959,0.6923718265457672,43.0,1
0.5106655926358561,0.928212560416183,0.8688669205208026,43.0,1
0.46612153998478256,0.6696432208442006,0.6388627872023248,43.0,1
0.46597901016491616,0.6517955582126623,0.6412636326107407,43.0,1
0.9083780208551768,0.43586333579167347,0.8084327091781026,43.0,1
0.5693795443324711,0.16982455954746184,0.794463069478409,43.0,1
0.551601070951106,0.49339408670717455,0.5858011743638463,43.0,1
0.977602010301998,0.40960733227093055,0.7430985252395349,43.0,1
0.5445541452298536,0.09081175863641186,0.8578719427074473,43.0,1
0.5404682317519415,0.5951152878514357,0.7705308059900756,43.0,1
0.4261679408778196,0.20608805278878972,0.5754230944148343,43.0,1
0.9310148019526556,0.5634831363748605,0.7622673443636357,43.0,1
0.4511869816328472,0.20204779362266373,0.6515993578096889,43.0,1
0.9171052279604113,0.04673299635001032,0.5512505872307419,43.0,1
0.736755540950116,0.5861523333062608,0.7947786172463538,43.0,1
0.7257938250889001,0.02209978847777245,0.5634098258406601,43.0,1
0.7084152736885235,0.04744397386192636,0.572157945833988,43.0,1
0.7219936887872574,0.6875958767137701,0.7032145809621336,43.0,1
0.5606382839112889,0.18819530932066902,0.9268957469905863,43.0,1
0.594161029228756,0.7240485379280951,0.6133565068546398,43.0,1
0.7615127745056598,0.3490552514639339,0.804489933061593,43.0,1
0.5611946606119113,0.505114800477403,0.7686647221072856,43.0,1
0.5611708582495364,0.310953587197331,0.840672688123323,43.0,1
0.4456280675118498,0.7402119999091128,0.6998735838377155,43.0,1
0.5530240698835007,0.5530374096998958,0.8481586627741409,43.0,1
0.46238428901039963,0.7863810101564159,0.6837459408803176,43.0,1
0.6428088798429931,0.2346938775510204,0.7513179579593658,43.0,1
0.5967594216852699,0.5283874624722126,0.6490567285912795,43.0,1
0.7447872493123847,0.08335913840989792,0.5718116862458026,43.0,1
0.5913853727276881,0.6360312896960427,0.6183728573675346,43.0,1
0.8199843469594879,0.3505453195498184,0.8528367253796383,43.0,1
0.8709921723310652,0.19217722226705777,0.7591325761951684,43.0,1
0.870196795727801,0.38222483114994793,0.7212483545740137,43.0,1
0.5293805111917552,0.5037465313216549,0.8816530249986535,43.0,1
0.9782055207190175,0.47205756564567247,0.6449343398087535,43.0,1
0.4453416397672991,0.985544889400969,0.6240481257329964,43.0,1
0.42705651342729833,0.7147961118976619,0.9218351933610867,43.0,1
0.8355065656153857,0.33743234415091033,0.9536144985551578,43.0,1
0.7403816782631011,0.18986916632744513,0.7794670234777482,43.0,1
0.8196841544133411,0.1971337799044059,0.6782735838392897,43.0,1
0.9567542119407217,0.7484947020424371,0.8693107036418746,43.0,1
0.8283849054119556,0.2844196828142533,0.5358475349003582,43.0,1
0.5292738432219164,0.5198056929563913,0.876729598714849,43.0,1
0.5564144160919348,0.7992472517384059,0.9752010283318642,43.0,1
0.9201663482304621,0.37745833406755147,0.8465491500023042,43.0,1
0.5969847480795321,0.7581422101563398,0.6728945690112089,43.0,1
0.5111725654612448,0.9501166448808139,0.9283065852516608,43.0,1
0.918851206326829,0.15440327534721637,0.8539053918980802,43.0,1
0.47840264514206277,0.6083229729835508,0.5812717173179162,43.0,1
0.7503932685895782,0.13380970141241055,0.6607400795672992,43.0,1
0.9613962948618742,0.6498614089087403,0.9114249195107339,43.0,1
0.47882266081547376,0.7299520300118733,0.6934416288074704,43.0,1
0.7347693298126212,0.049910989971876124,0.5962559806630017,43.0,1
0.8548815633577684,0.16097707561146832,0.6849838319003562,43.0,1
0.6225123852268613,0.4696609912003618,0.8783621157562089,43.0,1
0.8706213515553292,0.08733674502376199,0.7406294481204608,43.0,1
0.4615316556675143,0.760562922335631,0.8024379846303906,43.0,1
0.5711455603111062,0.12908557044562732,0.7957379479705692,43.0,1
0.9448228068378643,0.49036959419000803,0.6774499312633336,43.0,1
0.9053381862605778,0.6616170392410918,0.6899408708418698,43.0,1
0.8613918922247619,0.9252949868081141,0.929389225881506,43.0,1
0.7452935542223075,0.702613214920991,0.8219314466992419,43.0,1
0.7141624871437979,0.4029158724403808,0.6105939545163228,43.0,1
0.8461532738421467,0.24309747326295023,0.564131811410728,43.0,1
0.6487689000626964,0.3851476087134405,0.9523373404423248,43.0,1
0.8353794744119794,0.38926791799408483,0.901323296615107,43.0,1
0.7351038232854238,0.23110298964522644,0.6668458648849561,43.0,1
0.5515831305229514,0.29674420246569344,0.6969792779213759,43.0,1
0.6896540525264679,0.7094033872608578,0.9070506457347299,43.0,1
0.7880363729455868,0.8380824082325132,0.9126500185246537,43.0,1
0.7065172999186404,0.6596033726823888,0.7188607542692146,43.0,1
0.7542084355051327,0.2501228905889433,0.6937003239837628,43.0,1
0.9539990436402124,0.6927748526175118,0.8317617060522319,43.0,1
0.6203819701497196,0.5792991654245361,0.5541394609103953,43.0,1
0.8301622258188706,0.412628311073261,0.907406744641685,43.0,1
0.9645888422723776,0.8911414227599124,0.751742527005382,43.0,1
0.5514974199268213,0.19576749329988827,0.9517941997956318,43.0,1
0.6630564576881952,0.4859190537785919,0.8817711190208768,43.0,1
0.4827181453050027,0.5979116274695154,0.5831157510156824,43.0,1
0.9877042109585943,0.4091659891722052,0.6311683267819479,43.0,1
0.49241437567873836,0.14357097896910564,0.5180795792678194,43.0,1
0.8811275659746691,0.8254009970932332,0.6167340933283353,43.0,1
0.6544162531652816,0.6133521734614832,0.8073703374669524,43.0,1
0.9657237767005336,0.2658444956762958,0.6720866414030193,43.0,1
0.4980592299581421,0.6642379924472142,0.9327755016376325,43.0,1
0.9042108220068747,0.44928593528778493,0.5345708352792198,43.0,1
0.4882090816940381,0.6920565928388535,0.7883292571095384,43.0,1
0.4449154636793575,0.7819871411151863,0.7927336827794198,43.0,1
0.6422727705590007,0.22433410538560158,0.6434815614568065,43.0,1
0.854450863268674,0.12973833383918962,0.5153413279898403,43.0,1
0.4868728753785482,0.426512445715586,0.6617355412811238,43.0,1
0.6002331963022652,0.3257219064149741,0.7883743576205854,43.0,1
0.6215574288945938,0.3398330965066223,0.6355604372070587,43.0,1
0.9044387416268231,0.5450311830959991,0.5764870904228034,43.0,1
0.6627714933179505,0.23772829355230912,0.8303003180720547,43.0,1
0.783476213165817,0.9577519039627304,0.6567053750997667,43.0,1
0.49171353323432554,0.3983471693964962,0.7590386055485245,43.0,1
0.7351309350534982,0.10764441709688237,0.7102794496115465,43.0,1
0.7718022457311409,0.23230877955317586,0.7525806687965937,43.0,1
0.8356165191076956,0.5707909768808619,0.715686826750763,43.0,1
0.5165111889662084,0.26459396625584664,0.787455478992357,43.0,1
0.8563985031702108,0.15804754362389306,0.5634068518529955,43.0,1
0.536855575465565,0.5642045757654202,0.9062625864548096,43.0,1
0.5166507577137207,0.13822286196983338,0.7988038346671763,43.0,1
0.47608711334185305,0.41759836695305613,0.8500701983667649,43.0,1
0.6258193868878863,0.23998724018872053,0.7109378285374377,43.0,1
0.9705287652713628,0.5493993815958823,0.8207246183799496,43.0,1
0.8603987042958756,0.4117476618919804,0.6264771394098061,43.0,1
0.9353981636872377,0.050982973901510686,0.8930933967178841,43.0,1
0.7753095947768074,0.6264531039062059,0.7189626791593654,43.0,1
0.9625794387229889,0.700641223650802,0.8755824590442417,43.0,1
0.6307435822813562,0.23265414811576882,0.7386004833320363,43.0,1
0.42838681831722425,0.3320998852408372,0.6352989175338362,43.0,1
0.5145530976128128,0.8993242628884751,0.7311906689560507,43.0,1
0.8073815655881538,0.4094803683890498,0.7820207998398833,43.0,1
0.7691589983162593,0.09897383397358446,0.8505235319791258,43.0,1
